PeakId,Mass,Start,Stop,RT,MDGC,RT1tr,RT2tr,Area,Height,Width,Area_Percent,SampleFileName,CompoundName,Group,Type,Formula,MF,RMF,Probability,MW,ExactMass,CASNO,NISTNO,ID,Library,OtherDBS,Contributor,TenLargestPeaks,Synonyms,StructureDiagram,SignalToNoiseRatio
1,TIC,5.2996,5.9893,5.7852,TRUE,5.775715,0.568147,2.31E+06,23480,0.6897,1.034724578,20220722_DL_Sh7_1_TBaAc_16eV.lsc,"2-Pentanone, 4-hydroxy-4-methyl-",,0,C6H12O2,740,744,66,116,116.084,123-42-2,62051,273740019,mainlib|replib,"Fine, TSCA, RTECS, EPA, HODOC, NIH, EINECS, IR","D.HENNEBERG, MAX-PLANCK INSTITUTE, MULHEIM, WEST GERMANY",,,,0
2,TIC,5.2996,5.9893,5.7852,TRUE,5.775715,0.568147,2.31E+06,23480,0.6897,1.034724578,20220722_DL_Sh7_1_TBaAc_16eV.lsc,"2-Pentanone, 4-hydroxy-4-methyl-",,0,C6H12O2,724,726,66,116,116.084,123-42-2,233660,274569051,mainlib|replib,"Fine, TSCA, RTECS, EPA, HODOC, NIH, EINECS, IR",Japan AIST/NIMC Database- Spectrum MS-NW-1233,,,,0
3,TIC,5.2996,5.9893,5.7852,TRUE,5.775715,0.568147,2.31E+06,23480,0.6897,1.034724578,20220722_DL_Sh7_1_TBaAc_16eV.lsc,"2-Pentanone, 4-hydroxy-4-methyl-",,0,C6H12O2,720,724,66,116,116.084,123-42-2,249141,274596019,mainlib|replib,"Fine, TSCA, RTECS, EPA, HODOC, NIH, EINECS, IR",TNO Volatile Compounds in Food - Chemical Concepts,,,,0
4,TIC,5.2996,5.9893,5.7852,TRUE,5.775715,0.568147,2.31E+06,23480,0.6897,1.034724578,20220722_DL_Sh7_1_TBaAc_16eV.lsc,"2-Pentanone, 4-hydroxy-4-methyl-",,0,C6H12O2,713,715,66,116,116.084,123-42-2,159868,10142280,mainlib|replib,"Fine, TSCA, RTECS, EPA, HODOC, NIH, EINECS, IR",Chemical Concepts,,,,0
5,TIC,5.9509,6.1041,6.0023,TRUE,5.993138,0.55128,5.05E+05,17639,0.1532,0.225836786,20220722_DL_Sh7_1_TBaAc_16eV.lsc,"2-Pentanone, 4-hydroxy-4-methyl-",,0,C6H12O2,764,764,70,116,116.084,123-42-2,62051,273740019,mainlib|replib,"Fine, TSCA, RTECS, EPA, HODOC, NIH, EINECS, IR","D.HENNEBERG, MAX-PLANCK INSTITUTE, MULHEIM, WEST GERMANY",,,,0
6,TIC,5.9509,6.1041,6.0023,TRUE,5.993138,0.55128,5.05E+05,17639,0.1532,0.225836786,20220722_DL_Sh7_1_TBaAc_16eV.lsc,"2-Pentanone, 4-hydroxy-4-methyl-",,0,C6H12O2,752,752,70,116,116.084,123-42-2,249141,274596019,mainlib|replib,"Fine, TSCA, RTECS, EPA, HODOC, NIH, EINECS, IR",TNO Volatile Compounds in Food - Chemical Concepts,,,,0
7,TIC,5.9509,6.1041,6.0023,TRUE,5.993138,0.55128,5.05E+05,17639,0.1532,0.225836786,20220722_DL_Sh7_1_TBaAc_16eV.lsc,"2-Pentanone, 4-hydroxy-4-methyl-",,0,C6H12O2,735,735,70,116,116.084,123-42-2,233660,274569051,mainlib|replib,"Fine, TSCA, RTECS, EPA, HODOC, NIH, EINECS, IR",Japan AIST/NIMC Database- Spectrum MS-NW-1233,,,,0
8,TIC,5.9509,6.1041,6.0023,TRUE,5.993138,0.55128,5.05E+05,17639,0.1532,0.225836786,20220722_DL_Sh7_1_TBaAc_16eV.lsc,"2-Pentanone, 4-hydroxy-4-methyl-",,0,C6H12O2,730,730,70,116,116.084,123-42-2,159868,10142280,mainlib|replib,"Fine, TSCA, RTECS, EPA, HODOC, NIH, EINECS, IR",Chemical Concepts,,,,0
9,TIC,6.0657,6.219,6.1193,TRUE,6.110292,0.542481,4.71E+05,16081,0.1532,0.210419349,20220722_DL_Sh7_1_TBaAc_16eV.lsc,"2-Pentanone, 4-hydroxy-4-methyl-",,0,C6H12O2,713,719,49,116,116.084,123-42-2,249141,274596019,mainlib|replib,"Fine, TSCA, RTECS, EPA, HODOC, NIH, EINECS, IR",TNO Volatile Compounds in Food - Chemical Concepts,,,,0
10,TIC,6.0657,6.219,6.1193,TRUE,6.110292,0.542481,4.71E+05,16081,0.1532,0.210419349,20220722_DL_Sh7_1_TBaAc_16eV.lsc,"2-Pentanone, 4-hydroxy-4-methyl-",,0,C6H12O2,711,715,49,116,116.084,123-42-2,159868,10142280,mainlib|replib,"Fine, TSCA, RTECS, EPA, HODOC, NIH, EINECS, IR",Chemical Concepts,,,,0
11,TIC,6.0657,6.219,6.1193,TRUE,6.110292,0.542481,4.71E+05,16081,0.1532,0.210419349,20220722_DL_Sh7_1_TBaAc_16eV.lsc,"2-Pentanone, 4-hydroxy-4-methyl-",,0,C6H12O2,709,715,49,116,116.084,123-42-2,62051,273740019,mainlib|replib,"Fine, TSCA, RTECS, EPA, HODOC, NIH, EINECS, IR","D.HENNEBERG, MAX-PLANCK INSTITUTE, MULHEIM, WEST GERMANY",,,,0
12,TIC,6.1806,6.3338,6.234,TRUE,6.225102,0.53291,4.42E+05,14938,0.1532,0.197519409,20220722_DL_Sh7_1_TBaAc_16eV.lsc,"2-Pentanone, 4-hydroxy-4-methyl-",,0,C6H12O2,724,731,34,116,116.084,123-42-2,384022,274623043,mainlib|replib,"Fine, TSCA, RTECS, EPA, HODOC, NIH, EINECS, IR","NIST Mass Spectrometry Data Center, 2010",,,,0
13,TIC,6.1806,6.3338,6.234,TRUE,6.225102,0.53291,4.42E+05,14938,0.1532,0.197519409,20220722_DL_Sh7_1_TBaAc_16eV.lsc,"2-Pentanone, 4-hydroxy-4-methyl-",,0,C6H12O2,723,724,34,116,116.084,123-42-2,62051,273740019,mainlib|replib,"Fine, TSCA, RTECS, EPA, HODOC, NIH, EINECS, IR","D.HENNEBERG, MAX-PLANCK INSTITUTE, MULHEIM, WEST GERMANY",,,,0
14,TIC,6.1806,6.3338,6.234,TRUE,6.225102,0.53291,4.42E+05,14938,0.1532,0.197519409,20220722_DL_Sh7_1_TBaAc_16eV.lsc,"2-Pentanone, 4-hydroxy-4-methyl-",,0,C6H12O2,721,722,34,116,116.084,123-42-2,159868,10142280,mainlib|replib,"Fine, TSCA, RTECS, EPA, HODOC, NIH, EINECS, IR",Chemical Concepts,,,,0
15,TIC,6.1806,6.3338,6.234,TRUE,6.225102,0.53291,4.42E+05,14938,0.1532,0.197519409,20220722_DL_Sh7_1_TBaAc_16eV.lsc,TATP,,0,C9H18O6,718,723,27,222,222.11,17088-37-8,318739,49813693,mainlib|replib,,"Robert B. Cody, JEOL USA, Inc",,,,0
16,TIC,6.1806,6.3338,6.234,TRUE,6.225102,0.53291,4.42E+05,14938,0.1532,0.197519409,20220722_DL_Sh7_1_TBaAc_16eV.lsc,"2-Pentanone, 4-hydroxy-4-methyl-",,0,C6H12O2,718,719,34,116,116.084,123-42-2,249141,274596019,mainlib|replib,"Fine, TSCA, RTECS, EPA, HODOC, NIH, EINECS, IR",TNO Volatile Compounds in Food - Chemical Concepts,,,,0
17,TIC,6.2954,6.4486,6.3485,TRUE,6.339823,0.522777,4.26E+05,14184,0.1532,0.190287414,20220722_DL_Sh7_1_TBaAc_16eV.lsc,"2-Pentanone, 4-hydroxy-4-methyl-",,0,C6H12O2,726,729,63,116,116.084,123-42-2,159868,10142280,mainlib|replib,"Fine, TSCA, RTECS, EPA, HODOC, NIH, EINECS, IR",Chemical Concepts,,,,0
18,TIC,6.2954,6.4486,6.3485,TRUE,6.339823,0.522777,4.26E+05,14184,0.1532,0.190287414,20220722_DL_Sh7_1_TBaAc_16eV.lsc,"2-Pentanone, 4-hydroxy-4-methyl-",,0,C6H12O2,717,720,63,116,116.084,123-42-2,233660,274569051,mainlib|replib,"Fine, TSCA, RTECS, EPA, HODOC, NIH, EINECS, IR",Japan AIST/NIMC Database- Spectrum MS-NW-1233,,,,0
19,TIC,6.2954,6.4486,6.3485,TRUE,6.339823,0.522777,4.26E+05,14184,0.1532,0.190287414,20220722_DL_Sh7_1_TBaAc_16eV.lsc,"2-Pentanone, 4-hydroxy-4-methyl-",,0,C6H12O2,715,722,63,116,116.084,123-42-2,249141,274596019,mainlib|replib,"Fine, TSCA, RTECS, EPA, HODOC, NIH, EINECS, IR",TNO Volatile Compounds in Food - Chemical Concepts,,,,0
20,TIC,6.2954,6.4486,6.3485,TRUE,6.339823,0.522777,4.26E+05,14184,0.1532,0.190287414,20220722_DL_Sh7_1_TBaAc_16eV.lsc,"2-Pentanone, 4-hydroxy-4-methyl-",,0,C6H12O2,706,717,63,116,116.084,123-42-2,384022,274623043,mainlib|replib,"Fine, TSCA, RTECS, EPA, HODOC, NIH, EINECS, IR","NIST Mass Spectrometry Data Center, 2010",,,,0
21,TIC,6.4102,6.5635,6.464,TRUE,6.45548,0.512918,4.12E+05,13698,0.1532,0.184350822,20220722_DL_Sh7_1_TBaAc_16eV.lsc,"2-Pentanone, 4-hydroxy-4-methyl-",,0,C6H12O2,736,745,54,116,116.084,123-42-2,159868,10142280,mainlib|replib,"Fine, TSCA, RTECS, EPA, HODOC, NIH, EINECS, IR",Chemical Concepts,,,,0
22,TIC,6.4102,6.5635,6.464,TRUE,6.45548,0.512918,4.12E+05,13698,0.1532,0.184350822,20220722_DL_Sh7_1_TBaAc_16eV.lsc,"2-Pentanone, 4-hydroxy-4-methyl-",,0,C6H12O2,731,745,54,116,116.084,123-42-2,249141,274596019,mainlib|replib,"Fine, TSCA, RTECS, EPA, HODOC, NIH, EINECS, IR",TNO Volatile Compounds in Food - Chemical Concepts,,,,0
23,TIC,6.4102,6.5635,6.464,TRUE,6.45548,0.512918,4.12E+05,13698,0.1532,0.184350822,20220722_DL_Sh7_1_TBaAc_16eV.lsc,"2-Pentanone, 4-hydroxy-4-methyl-",,0,C6H12O2,725,735,54,116,116.084,123-42-2,233660,274569051,mainlib|replib,"Fine, TSCA, RTECS, EPA, HODOC, NIH, EINECS, IR",Japan AIST/NIMC Database- Spectrum MS-NW-1233,,,,0
24,TIC,6.4102,6.5635,6.464,TRUE,6.45548,0.512918,4.12E+05,13698,0.1532,0.184350822,20220722_DL_Sh7_1_TBaAc_16eV.lsc,"2-Pentanone, 4-hydroxy-4-methyl-",,0,C6H12O2,719,740,54,116,116.084,123-42-2,384022,274623043,mainlib|replib,"Fine, TSCA, RTECS, EPA, HODOC, NIH, EINECS, IR","NIST Mass Spectrometry Data Center, 2010",,,,0
25,TIC,6.4102,6.5635,6.464,TRUE,6.45548,0.512918,4.12E+05,13698,0.1532,0.184350822,20220722_DL_Sh7_1_TBaAc_16eV.lsc,TATP,,0,C9H18O6,701,718,13,222,222.11,17088-37-8,318739,49813693,mainlib|replib,,"Robert B. Cody, JEOL USA, Inc",,,,0
26,TIC,6.6399,7.2148,6.7013,TRUE,6.570256,0.504947,7.96E+05,11579,0.5748,0.355756111,20220722_DL_Sh7_1_TBaAc_16eV.lsc,"2-Pentanone, 4-hydroxy-4-methyl-",,0,C6H12O2,769,780,68,116,116.084,123-42-2,249141,274596019,mainlib|replib,"Fine, TSCA, RTECS, EPA, HODOC, NIH, EINECS, IR",TNO Volatile Compounds in Food - Chemical Concepts,,,,0
27,TIC,6.6399,7.2148,6.7013,TRUE,6.570256,0.504947,7.96E+05,11579,0.5748,0.355756111,20220722_DL_Sh7_1_TBaAc_16eV.lsc,"2-Pentanone, 4-hydroxy-4-methyl-",,0,C6H12O2,747,759,68,116,116.084,123-42-2,384022,274623043,mainlib|replib,"Fine, TSCA, RTECS, EPA, HODOC, NIH, EINECS, IR","NIST Mass Spectrometry Data Center, 2010",,,,0
28,TIC,6.6399,7.2148,6.7013,TRUE,6.570256,0.504947,7.96E+05,11579,0.5748,0.355756111,20220722_DL_Sh7_1_TBaAc_16eV.lsc,"2-Pentanone, 4-hydroxy-4-methyl-",,0,C6H12O2,743,748,68,116,116.084,123-42-2,233660,274569051,mainlib|replib,"Fine, TSCA, RTECS, EPA, HODOC, NIH, EINECS, IR",Japan AIST/NIMC Database- Spectrum MS-NW-1233,,,,0
29,TIC,6.6399,7.2148,6.7013,TRUE,6.570256,0.504947,7.96E+05,11579,0.5748,0.355756111,20220722_DL_Sh7_1_TBaAc_16eV.lsc,"2-Pentanone, 4-hydroxy-4-methyl-",,0,C6H12O2,740,743,68,116,116.084,123-42-2,159868,10142280,mainlib|replib,"Fine, TSCA, RTECS, EPA, HODOC, NIH, EINECS, IR",Chemical Concepts,,,,0
30,TIC,6.6399,7.2148,6.7013,TRUE,6.570256,0.504947,7.96E+05,11579,0.5748,0.355756111,20220722_DL_Sh7_1_TBaAc_16eV.lsc,"2-Pentanone, 4-hydroxy-4-methyl-",,0,C6H12O2,721,732,68,116,116.084,123-42-2,62051,273740019,mainlib|replib,"Fine, TSCA, RTECS, EPA, HODOC, NIH, EINECS, IR","D.HENNEBERG, MAX-PLANCK INSTITUTE, MULHEIM, WEST GERMANY",,,,0
31,TIC,10.9737,11.1272,11.0738,TRUE,6.693035,0.496786,1.57E+06,20189,0.1535,0.702902614,20220722_DL_Sh7_1_TBaAc_16eV.lsc,"Propane, 1-(1,1-dimethylethoxy)-2-methyl-",Alkaloids,0,C8H18O,753,769,72,130,130.136,33021-02-2,2841,12551216,mainlib|replib,"HODOC, EINECS",,,,,0
32,TIC,11.0888,11.7016,11.5892,TRUE,10.833415,0.667987,9.30E+06,36903,0.6128,4.156626061,20220722_DL_Sh7_1_TBaAc_16eV.lsc,"Propane, 1-(1,1-dimethylethoxy)-2-methyl-",,0,C8H18O,758,765,69,130,130.136,33021-02-2,2841,12551216,mainlib|replib,"HODOC, EINECS",,,,,0
33,TIC,11.0888,11.7016,11.5892,TRUE,10.833415,0.667987,9.30E+06,36903,0.6128,4.156626061,20220722_DL_Sh7_1_TBaAc_16eV.lsc,tert-Butyl glycidyl ether,,0,C7H14O2,731,742,20,130,130.099,7665-72-7,341640,22927860,mainlib|replib,"Fine, TSCA, RTECS, HODOC, EINECS",NIST Mass Spectrometry Data Center,,,,0
34,TIC,11.0888,11.7016,11.5892,TRUE,10.833415,0.667987,9.30E+06,36903,0.6128,4.156626061,20220722_DL_Sh7_1_TBaAc_16eV.lsc,tert-Butyl glycidyl ether,,0,C7H14O2,720,729,20,130,130.099,7665-72-7,108185,274490295,mainlib|replib,"Fine, TSCA, RTECS, HODOC, EINECS","Chuck Anderson, Aldrich Chemical Co.",,,,0
35,TIC,11.0888,11.7016,11.5892,TRUE,10.833415,0.667987,9.30E+06,36903,0.6128,4.156626061,20220722_DL_Sh7_1_TBaAc_16eV.lsc,tert-Butyl glycidyl ether,,0,C7H14O2,717,726,20,130,130.099,7665-72-7,238122,274517146,mainlib|replib,"Fine, TSCA, RTECS, HODOC, EINECS",Japan AIST/NIMC Database- Spectrum MS-NW-7715,,,,0
36,TIC,11.6632,12.0084,11.7306,TRUE,11.063217,0.635314,3.97E+06,33684,0.3452,1.773165798,20220722_DL_Sh7_1_TBaAc_16eV.lsc,"Propane, 1-(1,1-dimethylethoxy)-2-methyl-",,0,C8H18O,759,762,79,130,130.136,33021-02-2,2841,12551216,mainlib|replib,"HODOC, EINECS",,,,,0
37,TIC,14.3601,14.6286,14.4565,TRUE,11.579208,0.601758,6.64E+05,13922,0.2685,0.296765227,20220722_DL_Sh7_1_TBaAc_16eV.lsc,"2-Pentanone, 4-hydroxy-4-methyl-",,0,C6H12O2,814,837,93,116,116.084,123-42-2,384022,274623043,mainlib|replib,"Fine, TSCA, RTECS, EPA, HODOC, NIH, EINECS, IR","NIST Mass Spectrometry Data Center, 2010",,,,0
38,TIC,14.3601,14.6286,14.4565,TRUE,11.579208,0.601758,6.64E+05,13922,0.2685,0.296765227,20220722_DL_Sh7_1_TBaAc_16eV.lsc,"2-Pentanone, 4-hydroxy-4-methyl-",,0,C6H12O2,766,776,93,116,116.084,123-42-2,233660,274569051,mainlib|replib,"Fine, TSCA, RTECS, EPA, HODOC, NIH, EINECS, IR",Japan AIST/NIMC Database- Spectrum MS-NW-1233,,,,0
39,TIC,14.3601,14.6286,14.4565,TRUE,11.579208,0.601758,6.64E+05,13922,0.2685,0.296765227,20220722_DL_Sh7_1_TBaAc_16eV.lsc,"2-Pentanone, 4-hydroxy-4-methyl-",,0,C6H12O2,756,770,93,116,116.084,123-42-2,249141,274596019,mainlib|replib,"Fine, TSCA, RTECS, EPA, HODOC, NIH, EINECS, IR",TNO Volatile Compounds in Food - Chemical Concepts,,,,0
40,TIC,14.3601,14.6286,14.4565,TRUE,11.579208,0.601758,6.64E+05,13922,0.2685,0.296765227,20220722_DL_Sh7_1_TBaAc_16eV.lsc,"2-Pentanone, 4-hydroxy-4-methyl-",,0,C6H12O2,747,757,93,116,116.084,123-42-2,159868,10142280,mainlib|replib,"Fine, TSCA, RTECS, EPA, HODOC, NIH, EINECS, IR",Chemical Concepts,,,,0
41,TIC,17.1712,17.4773,17.2356,TRUE,11.720816,0.58909,4.17E+06,1.18E+05,0.3062,1.865752891,20220722_DL_Sh7_1_TBaAc_16eV.lsc,"2,5-Hexanedione",,0,C6H10O2,829,867,89,114,114.068,110-13-4,427979,274083182,mainlib|replib,"Fine, TSCA, RTECS, HODOC, NIH, EINECS, IR","HASHIMOTO K, KYOTO COLLEGE OF PHARMACY; Used with permission, courtesy of Funatsu Laboratory, University of Tokyo.The copyright reserved by Funatsu Laboratory.",,,,0
42,TIC,17.1712,17.4773,17.2356,TRUE,11.720816,0.58909,4.17E+06,1.18E+05,0.3062,1.865752891,20220722_DL_Sh7_1_TBaAc_16eV.lsc,"2,5-Hexanedione",,0,C6H10O2,808,809,89,114,114.068,110-13-4,20272,274003422,mainlib|replib,"Fine, TSCA, RTECS, HODOC, NIH, EINECS, IR",,,,,0
43,TIC,17.1712,17.4773,17.2356,TRUE,11.720816,0.58909,4.17E+06,1.18E+05,0.3062,1.865752891,20220722_DL_Sh7_1_TBaAc_16eV.lsc,"2,5-Hexanedione",,0,C6H10O2,790,793,89,114,114.068,110-13-4,290800,274056232,mainlib|replib,"Fine, TSCA, RTECS, HODOC, NIH, EINECS, IR","NIST Mass Spectrometry Data Center, 1998.",,,,0
44,TIC,17.1712,17.4773,17.2356,TRUE,11.720816,0.58909,4.17E+06,1.18E+05,0.3062,1.865752891,20220722_DL_Sh7_1_TBaAc_16eV.lsc,"2,5-Hexanedione",,0,C6H10O2,780,784,89,114,114.068,110-13-4,230753,39288383,mainlib|replib,"Fine, TSCA, RTECS, HODOC, NIH, EINECS, IR",Japan AIST/NIMC Database- Spectrum MS-NW-1214,,,,0
45,TIC,17.1712,17.4773,17.2356,TRUE,11.720816,0.58909,4.17E+06,1.18E+05,0.3062,1.865752891,20220722_DL_Sh7_1_TBaAc_16eV.lsc,"2,5-Hexanedione",,0,C6H10O2,765,781,89,114,114.068,110-13-4,108252,274029459,mainlib|replib,"Fine, TSCA, RTECS, HODOC, NIH, EINECS, IR","Chuck Anderson, Aldrich Chemical Co.",,,,0
46,TIC,19.3696,19.5996,19.5141,TRUE,13.741646,1.229449,6.71E+05,22371,0.2301,0.299899698,20220722_DL_Sh7_1_TBaAc_16eV.lsc,Decane,,0,C10H22,763,801,28,142,142.172,124-18-5,114147,2671131,mainlib|replib,"Fine, TSCA, RTECS, EPA, HODOC, NIH, EINECS, IR","NIST Mass Spectrometry Data Center, 1990.",,,,0
47,TIC,19.3696,19.5996,19.5141,TRUE,13.741646,1.229449,6.71E+05,22371,0.2301,0.299899698,20220722_DL_Sh7_1_TBaAc_16eV.lsc,Decane,,0,C10H22,752,788,28,142,142.172,124-18-5,227682,275050144,mainlib|replib,"Fine, TSCA, RTECS, EPA, HODOC, NIH, EINECS, IR",Japan AIST/NIMC Database- Spectrum MS-NW- 884,,,,0
48,TIC,19.3696,19.5996,19.5141,TRUE,13.741646,1.229449,6.71E+05,22371,0.2301,0.299899698,20220722_DL_Sh7_1_TBaAc_16eV.lsc,"Octane, 3,5-dimethyl-",,0,C10H22,746,764,15,142,142.172,15869-93-9,227655,39805722,mainlib|replib,"Fine, HODOC, IR",Japan AIST/NIMC Database- Spectrum MS-NW-4573,,,,0
49,TIC,19.3696,19.5996,19.5141,TRUE,13.741646,1.229449,6.71E+05,22371,0.2301,0.299899698,20220722_DL_Sh7_1_TBaAc_16eV.lsc,Decane,,0,C10H22,742,756,28,142,142.172,124-18-5,3837,275022683,mainlib|replib,"Fine, TSCA, RTECS, EPA, HODOC, NIH, EINECS, IR",,,,,0
50,TIC,19.3696,19.5996,19.5141,TRUE,13.741646,1.229449,6.71E+05,22371,0.2301,0.299899698,20220722_DL_Sh7_1_TBaAc_16eV.lsc,Undecane,,0,C11H24,736,791,10,156,156.188,1120-21-4,227975,34628055,mainlib|replib,"Fine, TSCA, RTECS, EPA, HODOC, NIH, EINECS, IR",Japan AIST/NIMC Database- Spectrum MS-NW-3972,,,,0
51,TIC,19.419,19.7264,19.5637,TRUE,14.432627,1.431739,3.85E+05,10639,0.3074,0.171964505,20220722_DL_Sh7_1_TBaAc_16eV.lsc,Mesitylene,,0,C9H12,800,807,40,120,120.094,108-67-8,228343,46128672,mainlib|replib,"Fine, TSCA, RTECS, EPA, HODOC, NIH, EINECS, IR",Japan AIST/NIMC Database- Spectrum MS-NW- 659,,,,0
52,TIC,19.419,19.7264,19.5637,TRUE,14.432627,1.431739,3.85E+05,10639,0.3074,0.171964505,20220722_DL_Sh7_1_TBaAc_16eV.lsc,"Benzene, 1,2,4-trimethyl-",,0,C9H12,797,807,35,120,120.094,95-63-6,229557,272481872,mainlib|replib,"Fine, TSCA, RTECS, EPA, HODOC, NIH, EINECS, IR",Japan AIST/NIMC Database- Spectrum MS-NW- 766,,,,0
53,TIC,19.419,19.7264,19.5637,TRUE,14.432627,1.431739,3.85E+05,10639,0.3074,0.171964505,20220722_DL_Sh7_1_TBaAc_16eV.lsc,Mesitylene,,0,C9H12,784,791,40,120,120.094,108-67-8,20469,272347780,mainlib|replib,"Fine, TSCA, RTECS, EPA, HODOC, NIH, EINECS, IR",,,,,0
54,TIC,19.419,19.7264,19.5637,TRUE,14.432627,1.431739,3.85E+05,10639,0.3074,0.171964505,20220722_DL_Sh7_1_TBaAc_16eV.lsc,"Benzene, 1,2,3-trimethyl-",,0,C9H12,775,781,14,120,120.094,526-73-8,228017,272401511,mainlib|replib,"Fine, TSCA, RTECS, EPA, HODOC, NIH, EINECS, IR",Japan AIST/NIMC Database- Spectrum MS-NW-5395,,,,0
55,TIC,19.419,19.7264,19.5637,TRUE,14.432627,1.431739,3.85E+05,10639,0.3074,0.171964505,20220722_DL_Sh7_1_TBaAc_16eV.lsc,"Benzene, 1,2,4-trimethyl-",,0,C9H12,774,786,35,120,120.094,95-63-6,57764,272455170,mainlib|replib,"Fine, TSCA, RTECS, EPA, HODOC, NIH, EINECS, IR","MASS SPECTRA OF ORGANIC COMPOUNDS, V. 6, B. H. KENNETT ET AL, DIV. OF FOOD RESEARCH, CSIRO, AUSTRALIA",,,,0
56,TIC,20.0977,20.3661,20.2642,TRUE,15.804047,0.60389,5.16E+05,14729,0.2684,0.230567123,20220722_DL_Sh7_1_TBaAc_16eV.lsc,"Octane, 3,6-dimethyl-",,0,C10H22,716,753,13,142,142.172,15869-94-0,156625,273849015,mainlib|replib,"Fine, TSCA, HODOC",Chemical Concepts,,,,0
57,TIC,20.0977,20.3661,20.2642,TRUE,15.804047,0.60389,5.16E+05,14729,0.2684,0.230567123,20220722_DL_Sh7_1_TBaAc_16eV.lsc,"Octane, 3,3-dimethyl-",,0,C10H22,712,769,11,142,142.172,4110-44-5,114124,30479707,mainlib|replib,"Fine, HODOC, IR","NIST Mass Spectrometry Data Center, 1990.",,,,0
58,TIC,20.0977,20.3661,20.2642,TRUE,15.804047,0.60389,5.16E+05,14729,0.2684,0.230567123,20220722_DL_Sh7_1_TBaAc_16eV.lsc,"Octane, 2,6-dimethyl-",,0,C10H22,710,738,10,142,142.172,2051-30-1,227526,36508685,mainlib|replib,"Fine, HODOC, NIH, IR",Japan AIST/NIMC Database- Spectrum MS-NW-4601,,,,0
59,TIC,20.0977,20.3661,20.2642,TRUE,15.804047,0.60389,5.16E+05,14729,0.2684,0.230567123,20220722_DL_Sh7_1_TBaAc_16eV.lsc,"Decane, 2-methyl-",,0,C11H24,703,719,7,156,156.188,6975-98-0,21681,271482690,mainlib|replib,"EPA, HODOC, NIH, EINECS, IR","H.PICHLER THE UNIV. KARLSRUHE, KARLSRUHE, GERMANY, F.R.G.",,,,0
60,TIC,22.3236,22.4771,22.3887,TRUE,17.199348,2.176663,4.50E+05,10809,0.1534,0.200972822,20220722_DL_Sh7_1_TBaAc_16eV.lsc,n-Tridecan-1-ol,LinearAlcohol16eV,0,C13H28O,731,750,14,200,200.214,112-70-9,351785,44954607,mainlib|replib,"Fine, TSCA, RTECS, HODOC, NIH, EINECS, IR",NIST Mass Spectrometry Data Center,,,,0
61,TIC,22.3236,22.4771,22.3887,TRUE,17.199348,2.176663,4.50E+05,10809,0.1534,0.200972822,20220722_DL_Sh7_1_TBaAc_16eV.lsc,n-Pentadecanol,LinearAlcohol16eV,0,C15H32O,710,730,5,228,228.245,629-76-5,351791,10539793,mainlib|replib,"Fine, TSCA, HODOC, NIH, EINECS, IR",NIST Mass Spectrometry Data Center,,,,0
62,TIC,22.3236,22.4771,22.3887,TRUE,17.199348,2.176663,4.50E+05,10809,0.1534,0.200972822,20220722_DL_Sh7_1_TBaAc_16eV.lsc,"Acetic acid, trifluoro-, undecyl ester",LinearAlcohol16eV,0,C13H23F3O2,709,728,5,268,268.165,53800-01-4,355989,268492054,mainlib|replib,HODOC,"V.G. Zaikin, R.S.Borisov, TIPS RAS, Moscow, Russia",,,,0
63,TIC,22.3236,22.4771,22.3887,TRUE,17.199348,2.176663,4.50E+05,10809,0.1534,0.200972822,20220722_DL_Sh7_1_TBaAc_16eV.lsc,1-Hexadecanol,LinearAlcohol16eV,0,C16H34O,706,727,5,242,242.261,36653-82-4,414975,270689342,mainlib|replib,"Fine, TSCA, RTECS, EPA, HODOC, NIH, EINECS, IR",NIST Mass Spectrometry Data Center,,,,0
64,TIC,22.3236,22.4771,22.3887,TRUE,17.199348,2.176663,4.50E+05,10809,0.1534,0.200972822,20220722_DL_Sh7_1_TBaAc_16eV.lsc,1-Hexadecanol,LinearAlcohol16eV,0,C16H34O,705,727,5,242,242.261,36653-82-4,313200,268811916,mainlib|replib,"Fine, TSCA, RTECS, EPA, HODOC, NIH, EINECS, IR","Dr. P.K. Shah, NYC Police Laboratory, NY",,,,0
65,TIC,22.6274,22.8579,22.7159,TRUE,19.503382,0.644543,1.75E+06,72229,0.2305,0.781147168,20220722_DL_Sh7_1_TBaAc_16eV.lsc,Undecane,,0,C11H24,781,813,42,156,156.188,1120-21-4,227975,34628055,mainlib|replib,"Fine, TSCA, RTECS, EPA, HODOC, NIH, EINECS, IR",Japan AIST/NIMC Database- Spectrum MS-NW-3972,,,,0
66,TIC,22.6274,22.8579,22.7159,TRUE,19.503382,0.644543,1.75E+06,72229,0.2305,0.781147168,20220722_DL_Sh7_1_TBaAc_16eV.lsc,Undecane,,0,C11H24,775,855,42,156,156.188,1120-21-4,249213,273089649,mainlib|replib,"Fine, TSCA, RTECS, EPA, HODOC, NIH, EINECS, IR",TNO Volatile Compounds in Food - Chemical Concepts,,,,0
67,TIC,22.6274,22.8579,22.7159,TRUE,19.503382,0.644543,1.75E+06,72229,0.2305,0.781147168,20220722_DL_Sh7_1_TBaAc_16eV.lsc,Undecane,,0,C11H24,759,796,42,156,156.188,1120-21-4,114185,269186725,mainlib|replib,"Fine, TSCA, RTECS, EPA, HODOC, NIH, EINECS, IR","NIST Mass Spectrometry Data Center, 1990.",,,,0
68,TIC,22.6274,22.8579,22.7159,TRUE,19.503382,0.644543,1.75E+06,72229,0.2305,0.781147168,20220722_DL_Sh7_1_TBaAc_16eV.lsc,Undecane,,0,C11H24,756,793,42,156,156.188,1120-21-4,107774,269160657,mainlib|replib,"Fine, TSCA, RTECS, EPA, HODOC, NIH, EINECS, IR","Chuck Anderson, Aldrich Chemical Co.",,,,0
69,TIC,22.6274,22.8579,22.7159,TRUE,19.503382,0.644543,1.75E+06,72229,0.2305,0.781147168,20220722_DL_Sh7_1_TBaAc_16eV.lsc,Dodecane,,0,C12H26,742,815,9,170,170.203,112-40-3,22004,270393395,mainlib|replib,"Fine, TSCA, RTECS, EPA, HODOC, NIH, EINECS, IR",,,,,0
70,TIC,22.8666,23.0203,22.9366,TRUE,19.541027,1.360502,2.92E+05,10366,0.1537,0.130315395,20220722_DL_Sh7_1_TBaAc_16eV.lsc,Nonanal,,0,C9H18O,770,797,54,142,142.136,124-19-6,376692,269505127,mainlib|replib,"Fine, TSCA, RTECS, HODOC, NIH, EINECS, IR","V.G. Zaikin, R.S.Borisov, TIPS RAS, Moscow, Russia",,,,0
71,TIC,22.8666,23.0203,22.9366,TRUE,19.541027,1.360502,2.92E+05,10366,0.1537,0.130315395,20220722_DL_Sh7_1_TBaAc_16eV.lsc,Nonanal,,0,C9H18O,769,786,54,142,142.136,124-19-6,21202,270610439,mainlib|replib,"Fine, TSCA, RTECS, HODOC, NIH, EINECS, IR",,,,,0
72,TIC,22.8666,23.0203,22.9366,TRUE,19.541027,1.360502,2.92E+05,10366,0.1537,0.130315395,20220722_DL_Sh7_1_TBaAc_16eV.lsc,Nonanal,,0,C9H18O,759,780,54,142,142.136,124-19-6,232162,38629678,mainlib|replib,"Fine, TSCA, RTECS, HODOC, NIH, EINECS, IR",Japan AIST/NIMC Database- Spectrum MS-NW-3675,,,,0
73,TIC,22.8666,23.0203,22.9366,TRUE,19.541027,1.360502,2.92E+05,10366,0.1537,0.130315395,20220722_DL_Sh7_1_TBaAc_16eV.lsc,Nonanal,,0,C9H18O,753,774,54,142,142.136,124-19-6,159565,274458344,mainlib|replib,"Fine, TSCA, RTECS, HODOC, NIH, EINECS, IR",Chemical Concepts,,,,0
74,TIC,22.8666,23.0203,22.9366,TRUE,19.541027,1.360502,2.92E+05,10366,0.1537,0.130315395,20220722_DL_Sh7_1_TBaAc_16eV.lsc,Dodecanal,,0,C12H24O,711,731,9,184,184.183,112-54-9,62893,269158032,mainlib|replib,"Fine, TSCA, RTECS, HODOC, NIH, EINECS, IR","D.HENNEBERG, MAX-PLANCK INSTITUTE, MULHEIM, WEST GERMANY",,,,0
75,TIC,23.3628,23.555,23.4606,TRUE,20.253843,0.620127,4.82E+05,16397,0.1922,0.215412564,20220722_DL_Sh7_1_TBaAc_16eV.lsc,Pulegone,,0,C10H16O,723,730,16,152,152.12,89-82-7,227961,58994465,mainlib|replib,"Fine, TSCA, RTECS, HODOC, NIH, EINECS, IR",Japan AIST/NIMC Database- Spectrum MS-IW-1347,,,,0
76,TIC,23.3628,23.555,23.4606,TRUE,20.253843,0.620127,4.82E+05,16397,0.1922,0.215412564,20220722_DL_Sh7_1_TBaAc_16eV.lsc,"Bicyclo[4.1.0]heptan-3-one, 4,7,7-trimethyl-, [1R-(1α,4β,6α)]-",,0,C10H16O,709,745,10,152,152.12,4176-01-06,4824,10766234,mainlib|replib,EINECS,,,,,0
77,TIC,23.3628,23.555,23.4606,TRUE,20.253843,0.620127,4.82E+05,16397,0.1922,0.215412564,20220722_DL_Sh7_1_TBaAc_16eV.lsc,"Cyclohexanone, 5-methyl-2-(1-methylethylidene)-",,0,C10H16O,706,733,9,152,152.12,15932-80-6,193441,271196915,mainlib|replib,"TSCA, RTECS, HODOC, EINECS, IR",Chemical Concepts,,,,0
78,TIC,23.3628,23.555,23.4606,TRUE,20.253843,0.620127,4.82E+05,16397,0.1922,0.215412564,20220722_DL_Sh7_1_TBaAc_16eV.lsc,trans-4a-Methyl-decahydronaphthalene,,0,C11H20,703,753,8,152,152.157,2547-27-5,280744,50987106,mainlib|replib,,"V.G.Zaikin, Petrochem. Synth. Inst., Moscow",,,,0
79,TIC,23.3628,23.555,23.4606,TRUE,20.253843,0.620127,4.82E+05,16397,0.1922,0.215412564,20220722_DL_Sh7_1_TBaAc_16eV.lsc,"trans-Decalin, 2-methyl-",,0,C11H20,701,718,7,152,152.157,,152473,14051825,mainlib|replib,,Chemical Concepts,,,,0
80,TIC,23.9386,24.0926,24.0034,TRUE,22.375194,0.810864,6.23E+05,22465,0.1539,0.278631258,20220722_DL_Sh7_1_TBaAc_16eV.lsc,"Bicyclo[4.1.0]heptan-3-one, 4,7,7-trimethyl-, [1R-(1α,4β,6α)]-",,0,C10H16O,711,740,15,152,152.12,4176-01-06,4824,10766234,mainlib|replib,EINECS,,,,,0
81,TIC,23.9386,24.0926,24.0034,TRUE,22.375194,0.810864,6.23E+05,22465,0.1539,0.278631258,20220722_DL_Sh7_1_TBaAc_16eV.lsc,trans-4a-Methyl-decahydronaphthalene,,0,C11H20,704,744,11,152,152.157,2547-27-5,280744,50987106,mainlib|replib,,"V.G.Zaikin, Petrochem. Synth. Inst., Moscow",,,,0
82,TIC,24.0482,24.1249,24.0866,TRUE,22.704859,0.663994,2.66E+05,11026,0.0767,0.119030674,20220722_DL_Sh7_1_TBaAc_16eV.lsc,1-Tetradecanol,,0,C14H30O,747,790,15,214,214.23,112-72-1,229367,272505727,mainlib|replib,"Fine, TSCA, RTECS, EPA, HODOC, NIH, EINECS, IR",Japan AIST/NIMC Database- Spectrum MS-NW-2665,,,,0
83,TIC,24.0482,24.1249,24.0866,TRUE,22.704859,0.663994,2.66E+05,11026,0.0767,0.119030674,20220722_DL_Sh7_1_TBaAc_16eV.lsc,1-Tetradecanol,,0,C14H30O,730,787,15,214,214.23,112-72-1,414973,275081576,mainlib|replib,"Fine, TSCA, RTECS, EPA, HODOC, NIH, EINECS, IR",NIST Mass Spectrometry Data Center,,,,0
84,TIC,24.0482,24.1249,24.0866,TRUE,22.704859,0.663994,2.66E+05,11026,0.0767,0.119030674,20220722_DL_Sh7_1_TBaAc_16eV.lsc,1-Tetradecanol,,0,C14H30O,729,769,15,214,214.23,112-72-1,374906,272533439,mainlib|replib,"Fine, TSCA, RTECS, EPA, HODOC, NIH, EINECS, IR","NIST Mass Spectrometry Data Center, 2010",,,,0
85,TIC,24.0482,24.1249,24.0866,TRUE,22.704859,0.663994,2.66E+05,11026,0.0767,0.119030674,20220722_DL_Sh7_1_TBaAc_16eV.lsc,1-Tetradecanol,,0,C14H30O,729,756,15,214,214.23,112-72-1,36332,274216426,mainlib|replib,"Fine, TSCA, RTECS, EPA, HODOC, NIH, EINECS, IR","R.T.HOLMAN,UNIVERSITY OF MINNESOTA",,,,0
86,TIC,24.0482,24.1249,24.0866,TRUE,22.704859,0.663994,2.66E+05,11026,0.0767,0.119030674,20220722_DL_Sh7_1_TBaAc_16eV.lsc,1-Hexadecanol,,0,C16H34O,727,774,6,242,242.261,36653-82-4,414975,270689342,mainlib|replib,"Fine, TSCA, RTECS, EPA, HODOC, NIH, EINECS, IR",NIST Mass Spectrometry Data Center,,,,0
87,TIC,24.5823,24.8129,24.6698,TRUE,22.916395,1.210395,3.24E+05,16899,0.2307,0.145021754,20220722_DL_Sh7_1_TBaAc_16eV.lsc,"Undecane, 2-methyl-",,0,C12H26,730,766,26,170,170.203,7045-71-8,232057,50983570,mainlib|replib,"Fine, HODOC, EINECS",Japan AIST/NIMC Database- Spectrum MS-NW-3862,,,,0
88,TIC,24.5823,24.8129,24.6698,TRUE,22.916395,1.210395,3.24E+05,16899,0.2307,0.145021754,20220722_DL_Sh7_1_TBaAc_16eV.lsc,Heptadecane,,0,C17H36,700,748,7,240,240.282,629-78-7,22871,271087170,mainlib|replib,"Fine, TSCA, RTECS, EPA, HODOC, NIH, EINECS, IR",,,,,0
89,TIC,25.4275,25.62,25.5159,TRUE,23.442519,1.083179,9.83E+05,22500,0.1925,0.439245803,20220722_DL_Sh7_1_TBaAc_16eV.lsc,1-Dodecanol,Alcohol16eV,0,C12H26O,796,837,12,186,186.198,112-53-8,403152,271404149,mainlib|replib,"Fine, TSCA, RTECS, EPA, HODOC, NIH, EINECS, IR","J. Little, Eastman chemical company.",,,,0
90,TIC,25.4275,25.62,25.5159,TRUE,23.442519,1.083179,9.83E+05,22500,0.1925,0.439245803,20220722_DL_Sh7_1_TBaAc_16eV.lsc,Cyclododecane,Alcohol16eV,0,C12H24,784,827,8,168,168.188,294-62-2,423903,271698870,mainlib|replib,"Fine, TSCA, RTECS, HODOC, EINECS, IR","YAMAMOTO M, DEP. CHEMISTRY, FAC. SCIENCE, NARA WOMEN'S UNIV.; Used with permission, courtesy of Funatsu Laboratory, University of Tokyo.The copyright reserved by Funatsu Laboratory.",,,,0
91,TIC,25.4275,25.62,25.5159,TRUE,23.442519,1.083179,9.83E+05,22500,0.1925,0.439245803,20220722_DL_Sh7_1_TBaAc_16eV.lsc,n-Pentadecanol,Alcohol16eV,0,C15H32O,782,804,7,228,228.245,629-76-5,430447,275055316,mainlib|replib,"Fine, TSCA, HODOC, NIH, EINECS, IR","YAMAMOTO M, DEP. CHEMISTRY, FAC. SCIENCE, NARA WOMEN'S UNIV.; Used with permission, courtesy of Funatsu Laboratory, University of Tokyo.The copyright reserved by Funatsu Laboratory.",,,,0
92,TIC,25.4275,25.62,25.5159,TRUE,23.442519,1.083179,9.83E+05,22500,0.1925,0.439245803,20220722_DL_Sh7_1_TBaAc_16eV.lsc,1-Tetradecanol,Alcohol16eV,0,C14H30O,782,797,7,214,214.23,112-72-1,374906,272533439,mainlib|replib,"Fine, TSCA, RTECS, EPA, HODOC, NIH, EINECS, IR","NIST Mass Spectrometry Data Center, 2010",,,,0
93,TIC,25.4275,25.62,25.5159,TRUE,23.442519,1.083179,9.83E+05,22500,0.1925,0.439245803,20220722_DL_Sh7_1_TBaAc_16eV.lsc,1-Tetradecanol,Alcohol16eV,0,C14H30O,781,816,7,214,214.23,112-72-1,414973,275081576,mainlib|replib,"Fine, TSCA, RTECS, EPA, HODOC, NIH, EINECS, IR",NIST Mass Spectrometry Data Center,,,,0
94,TIC,25.6559,25.8484,25.7474,TRUE,23.562989,0.647097,2.66E+06,1.10E+05,0.1926,1.187177335,20220722_DL_Sh7_1_TBaAc_16eV.lsc,Dodecane,,0,C12H26,796,835,54,170,170.203,112-40-3,229003,271007862,mainlib|replib,"Fine, TSCA, RTECS, EPA, HODOC, NIH, EINECS, IR",Japan AIST/NIMC Database- Spectrum MS-NW-2010,,,,0
95,TIC,25.6559,25.8484,25.7474,TRUE,23.562989,0.647097,2.66E+06,1.10E+05,0.1926,1.187177335,20220722_DL_Sh7_1_TBaAc_16eV.lsc,Dodecane,,0,C12H26,761,785,54,170,170.203,112-40-3,291499,1741678,mainlib|replib,"Fine, TSCA, RTECS, EPA, HODOC, NIH, EINECS, IR","NIST Mass Spectrometry Data Center, 1998.",,,,0
96,TIC,25.6559,25.8484,25.7474,TRUE,23.562989,0.647097,2.66E+06,1.10E+05,0.1926,1.187177335,20220722_DL_Sh7_1_TBaAc_16eV.lsc,Dodecane,,0,C12H26,756,788,54,170,170.203,112-40-3,107687,270981080,mainlib|replib,"Fine, TSCA, RTECS, EPA, HODOC, NIH, EINECS, IR","Chuck Anderson, Aldrich Chemical Co.",,,,0
97,TIC,25.6559,25.8484,25.7474,TRUE,23.562989,0.647097,2.66E+06,1.10E+05,0.1926,1.187177335,20220722_DL_Sh7_1_TBaAc_16eV.lsc,Dodecane,,0,C12H26,753,805,54,170,170.203,112-40-3,22004,270393395,mainlib|replib,"Fine, TSCA, RTECS, EPA, HODOC, NIH, EINECS, IR",,,,,0
98,TIC,25.6559,25.8484,25.7474,TRUE,23.562989,0.647097,2.66E+06,1.10E+05,0.1926,1.187177335,20220722_DL_Sh7_1_TBaAc_16eV.lsc,Tridecane,,0,C13H28,723,785,7,184,184.219,629-50-5,229227,270687638,mainlib|replib,"Fine, TSCA, RTECS, EPA, HODOC, NIH, EINECS, IR",Japan AIST/NIMC Database- Spectrum MS-NW-5091,,,,0
99,TIC,25.6824,26.0291,25.7712,TRUE,23.984513,1.132557,1.84E+06,41233,0.3467,0.824629686,20220722_DL_Sh7_1_TBaAc_16eV.lsc,Allopurinol,,0,C5H4N4O,730,773,29,136,136.039,315-30-0,335108,269706300,mainlib|replib,"Fine, TSCA, RTECS, USP, HODOC, NIH, EINECS",Drug Lab,,,,0
100,TIC,25.6824,26.0291,25.7712,TRUE,23.984513,1.132557,1.84E+06,41233,0.3467,0.824629686,20220722_DL_Sh7_1_TBaAc_16eV.lsc,Allopurinol,,0,C5H4N4O,720,745,29,136,136.039,315-30-0,230398,3298943,mainlib|replib,"Fine, TSCA, RTECS, USP, HODOC, NIH, EINECS",Japan AIST/NIMC Database- Spectrum MS-NW-3779,,,,0
101,TIC,25.6824,26.0291,25.7712,TRUE,23.984513,1.132557,1.84E+06,41233,0.3467,0.824629686,20220722_DL_Sh7_1_TBaAc_16eV.lsc,Naphthalene-D8,,0,C10D8,716,728,18,136,136.113,1146-65-2,70742,271151370,mainlib|replib,"EINECS, IR",BATTELLE COLUMBUS LABORATORIES,,,,0
102,TIC,25.6824,26.0291,25.7712,TRUE,23.984513,1.132557,1.84E+06,41233,0.3467,0.824629686,20220722_DL_Sh7_1_TBaAc_16eV.lsc,Allopurinol,,0,C5H4N4O,715,738,29,136,136.039,315-30-0,160696,269758857,mainlib|replib,"Fine, TSCA, RTECS, USP, HODOC, NIH, EINECS",Chemical Concepts,,,,0
103,TIC,25.6824,26.0291,25.7712,TRUE,23.984513,1.132557,1.84E+06,41233,0.3467,0.824629686,20220722_DL_Sh7_1_TBaAc_16eV.lsc,Allopurinol,,0,C5H4N4O,707,731,29,136,136.039,315-30-0,26100,269172124,mainlib|replib,"Fine, TSCA, RTECS, USP, HODOC, NIH, EINECS","R.L.FOLTZ BATTELLE MEMORIAL INST., COLUMBUS LAB., OHIO, USA",,,,0
104,TIC,26.0769,26.2696,26.1464,TRUE,24.0108,0.873682,1.67E+06,70246,0.1927,0.748403008,20220722_DL_Sh7_1_TBaAc_16eV.lsc,"Undecane, 2,6-dimethyl-",,0,C13H28,743,793,16,184,184.219,17301-23-4,114012,52674249,mainlib|replib,"HODOC, IR","NIST Mass Spectrometry Data Center, 1990.",,,,0
105,TIC,26.0769,26.2696,26.1464,TRUE,24.0108,0.873682,1.67E+06,70246,0.1927,0.748403008,20220722_DL_Sh7_1_TBaAc_16eV.lsc,"Undecane, 2,6-dimethyl-",,0,C13H28,741,756,16,184,184.219,17301-23-4,7748,269373658,mainlib|replib,"HODOC, IR",,,,,0
106,TIC,26.0769,26.2696,26.1464,TRUE,24.0108,0.873682,1.67E+06,70246,0.1927,0.748403008,20220722_DL_Sh7_1_TBaAc_16eV.lsc,"Undecane, 2,5-dimethyl-",,0,C13H28,733,761,11,184,184.219,17301-22-3,34614,36977606,mainlib|replib,,"TECH. UNIVERSITY OF KARLSRUHE, KARLSRUHE, W. GERMANY",,,,0
107,TIC,26.0769,26.2696,26.1464,TRUE,24.0108,0.873682,1.67E+06,70246,0.1927,0.748403008,20220722_DL_Sh7_1_TBaAc_16eV.lsc,Tetradecane,,0,C14H30,730,764,10,198,198.235,629-59-4,229858,17258141,mainlib|replib,"Fine, TSCA, RTECS, EPA, HODOC, NIH, EINECS, IR",Japan AIST/NIMC Database- Spectrum MS-NW-2814,,,,0
108,TIC,26.0769,26.2696,26.1464,TRUE,24.0108,0.873682,1.67E+06,70246,0.1927,0.748403008,20220722_DL_Sh7_1_TBaAc_16eV.lsc,Tridecane,,0,C13H28,727,757,9,184,184.219,629-50-5,229227,270687638,mainlib|replib,"Fine, TSCA, RTECS, EPA, HODOC, NIH, EINECS, IR",Japan AIST/NIMC Database- Spectrum MS-NW-5091,,,,0
109,TIC,27.266,27.3815,27.3235,TRUE,24.073333,0.79431,3.51E+05,10284,0.1154,0.156884988,20220722_DL_Sh7_1_TBaAc_16eV.lsc,Tridecane,,0,C13H28,700,738,10,184,184.219,629-50-5,107767,270661174,mainlib|replib,"Fine, TSCA, RTECS, EPA, HODOC, NIH, EINECS, IR","Chuck Anderson, Aldrich Chemical Co.",,,,0
110,TIC,27.4958,27.6882,27.5905,TRUE,24.392294,0.658421,3.91E+05,17396,0.1923,0.174828429,20220722_DL_Sh7_1_TBaAc_16eV.lsc,"Dodecane, 2-methyl-",,0,C13H28,712,730,8,184,184.219,1560-97-0,227568,272421306,mainlib|replib,,Japan AIST/NIMC Database- Spectrum MS-IW-1909,,,,0
111,TIC,27.4958,27.6882,27.5905,TRUE,24.392294,0.658421,3.91E+05,17396,0.1923,0.174828429,20220722_DL_Sh7_1_TBaAc_16eV.lsc,Hexadecane,,0,C16H34,711,741,8,226,226.266,544-76-3,228773,41676896,mainlib|replib,"Fine, TSCA, RTECS, EPA, HODOC, NIH, EINECS, IR",Japan AIST/NIMC Database- Spectrum MS-NW-1507,,,,0
112,TIC,27.4958,27.6882,27.5905,TRUE,24.392294,0.658421,3.91E+05,17396,0.1923,0.174828429,20220722_DL_Sh7_1_TBaAc_16eV.lsc,Octadecane,,0,C18H38,704,739,6,254,254.297,593-45-3,233832,272928152,mainlib|replib,"Fine, TSCA, EPA, HODOC, NIH, EINECS, IR",Japan AIST/NIMC Database- Spectrum MS-NW-1995,,,,0
113,TIC,27.4958,27.6882,27.5905,TRUE,24.392294,0.658421,3.91E+05,17396,0.1923,0.174828429,20220722_DL_Sh7_1_TBaAc_16eV.lsc,Heptadecane,,0,C17H36,704,736,6,240,240.282,629-78-7,228254,3145406,mainlib|replib,"Fine, TSCA, RTECS, EPA, HODOC, NIH, EINECS, IR",Japan AIST/NIMC Database- Spectrum MS-NW-2741,,,,0
114,TIC,27.4958,27.6882,27.5905,TRUE,24.392294,0.658421,3.91E+05,17396,0.1923,0.174828429,20220722_DL_Sh7_1_TBaAc_16eV.lsc,Pentadecane,,0,C15H32,703,730,6,212,212.25,629-62-9,232906,22447688,mainlib|replib,"Fine, TSCA, RTECS, EPA, HODOC, NIH, EINECS, IR",Japan AIST/NIMC Database- Spectrum MS-NW-5200,,,,0
115,TIC,27.7259,27.8411,27.7911,TRUE,24.525168,0.65638,5.04E+05,20599,0.1152,0.225279252,20220722_DL_Sh7_1_TBaAc_16eV.lsc,"Dodecane, 3-methyl-",,0,C13H28,716,812,12,184,184.219,17312-57-1,7751,271593866,mainlib|replib,,,,,,0
116,TIC,27.7259,27.8411,27.7911,TRUE,24.525168,0.65638,5.04E+05,20599,0.1152,0.225279252,20220722_DL_Sh7_1_TBaAc_16eV.lsc,Tetradecane,,0,C14H30,712,757,10,198,198.235,629-59-4,229858,17258141,mainlib|replib,"Fine, TSCA, RTECS, EPA, HODOC, NIH, EINECS, IR",Japan AIST/NIMC Database- Spectrum MS-NW-2814,,,,0
117,TIC,27.7259,27.8411,27.7911,TRUE,24.525168,0.65638,5.04E+05,20599,0.1152,0.225279252,20220722_DL_Sh7_1_TBaAc_16eV.lsc,Heptadecane,,0,C17H36,701,742,7,240,240.282,629-78-7,228254,3145406,mainlib|replib,"Fine, TSCA, RTECS, EPA, HODOC, NIH, EINECS, IR",Japan AIST/NIMC Database- Spectrum MS-NW-2741,,,,0
118,TIC,27.802,27.9175,27.8497,TRUE,24.658906,0.651211,1.01E+06,58663,0.1155,0.451784049,20220722_DL_Sh7_1_TBaAc_16eV.lsc,"Pentadecane, 2,6,10,14-tetramethyl-",,0,C19H40,735,760,29,268,268.313,1921-70-6,229566,46142538,mainlib|replib,"Fine, TSCA, RTECS, EPA, HODOC, NIH, EINECS, IR",Japan AIST/NIMC Database- Spectrum MS-NW-1461,,,,0
119,TIC,27.802,27.9175,27.8497,TRUE,24.658906,0.651211,1.01E+06,58663,0.1155,0.451784049,20220722_DL_Sh7_1_TBaAc_16eV.lsc,"Tridecane, 7-methyl-",,0,C14H30,711,740,9,198,198.235,26730-14-3,34448,45207434,mainlib|replib,"HODOC, NIH","SHELL OIL CO., HOUSTON, TEXAS, USA",,,,0
120,TIC,27.802,27.9175,27.8497,TRUE,24.658906,0.651211,1.01E+06,58663,0.1155,0.451784049,20220722_DL_Sh7_1_TBaAc_16eV.lsc,"Pentadecane, 2,6,10,14-tetramethyl-",,0,C19H40,701,730,29,268,268.313,1921-70-6,149898,273483384,mainlib|replib,"Fine, TSCA, RTECS, EPA, HODOC, NIH, EINECS, IR",Chemical Concepts,,,,0
121,TIC,28.3797,28.495,28.4492,TRUE,24.868275,0.665446,5.56E+05,13916,0.1153,0.248607076,20220722_DL_Sh7_1_TBaAc_16eV.lsc,n-Pentadecanol,Alcohol16eV,0,C15H32O,730,786,15,228,228.245,629-76-5,430447,275055316,mainlib|replib,"Fine, TSCA, HODOC, NIH, EINECS, IR","YAMAMOTO M, DEP. CHEMISTRY, FAC. SCIENCE, NARA WOMEN'S UNIV.; Used with permission, courtesy of Funatsu Laboratory, University of Tokyo.The copyright reserved by Funatsu Laboratory.",,,,0
122,TIC,28.3797,28.495,28.4492,TRUE,24.868275,0.665446,5.56E+05,13916,0.1153,0.248607076,20220722_DL_Sh7_1_TBaAc_16eV.lsc,1-Octadecanol,Alcohol16eV,0,C18H38O,713,767,8,270,270.292,112-92-5,430927,274268316,mainlib|replib,"Fine, TSCA, RTECS, EPA, HODOC, NIH, EINECS, IR","SODA AROMATIC CO., LTD.; Used with permission, courtesy of Funatsu Laboratory, University of Tokyo.The copyright reserved by Funatsu Laboratory.",,,,0
123,TIC,28.3797,28.495,28.4492,TRUE,24.868275,0.665446,5.56E+05,13916,0.1153,0.248607076,20220722_DL_Sh7_1_TBaAc_16eV.lsc,Cyclopentadecane,Alcohol16eV,0,C15H30,705,768,6,210,210.235,295-48-7,114876,271006801,mainlib|replib,"TSCA, HODOC, EINECS, IR","NIST Mass Spectrometry Data Center, 1990.",,,,0
124,TIC,28.3797,28.495,28.4492,TRUE,24.868275,0.665446,5.56E+05,13916,0.1153,0.248607076,20220722_DL_Sh7_1_TBaAc_16eV.lsc,n-Pentadecanol,Alcohol16eV,0,C15H32O,704,738,15,228,228.245,629-76-5,351791,10539793,mainlib|replib,"Fine, TSCA, HODOC, NIH, EINECS, IR",NIST Mass Spectrometry Data Center,,,,0
125,TIC,28.3797,28.495,28.4492,TRUE,24.868275,0.665446,5.56E+05,13916,0.1153,0.248607076,20220722_DL_Sh7_1_TBaAc_16eV.lsc,1-Hexadecanol,Alcohol16eV,0,C16H34O,702,749,5,242,242.261,36653-82-4,414975,270689342,mainlib|replib,"Fine, TSCA, RTECS, EPA, HODOC, NIH, EINECS, IR",NIST Mass Spectrometry Data Center,,,,0
126,TIC,28.4571,28.5723,28.5127,TRUE,25.50292,0.778982,4.33E+05,13249,0.1152,0.193751345,20220722_DL_Sh7_1_TBaAc_16eV.lsc,n-Pentadecanol,LinearAlcohol16eV,0,C15H32O,723,777,21,228,228.245,629-76-5,430447,275055316,mainlib|replib,"Fine, TSCA, HODOC, NIH, EINECS, IR","YAMAMOTO M, DEP. CHEMISTRY, FAC. SCIENCE, NARA WOMEN'S UNIV.; Used with permission, courtesy of Funatsu Laboratory, University of Tokyo.The copyright reserved by Funatsu Laboratory.",,,,0
127,TIC,28.531,28.6851,28.616,TRUE,25.582926,1.061997,4.00E+06,1.66E+05,0.1541,1.786095716,20220722_DL_Sh7_1_TBaAc_16eV.lsc,Tridecane,,0,C13H28,774,810,34,184,184.219,629-50-5,229227,270687638,mainlib|replib,"Fine, TSCA, RTECS, EPA, HODOC, NIH, EINECS, IR",Japan AIST/NIMC Database- Spectrum MS-NW-5091,,,,0
128,TIC,28.531,28.6851,28.616,TRUE,25.582926,1.061997,4.00E+06,1.66E+05,0.1541,1.786095716,20220722_DL_Sh7_1_TBaAc_16eV.lsc,Pentadecane,,0,C15H32,748,778,10,212,212.25,629-62-9,232906,22447688,mainlib|replib,"Fine, TSCA, RTECS, EPA, HODOC, NIH, EINECS, IR",Japan AIST/NIMC Database- Spectrum MS-NW-5200,,,,0
129,TIC,28.531,28.6851,28.616,TRUE,25.582926,1.061997,4.00E+06,1.66E+05,0.1541,1.786095716,20220722_DL_Sh7_1_TBaAc_16eV.lsc,Tridecane,,0,C13H28,746,784,34,184,184.219,629-50-5,107767,270661174,mainlib|replib,"Fine, TSCA, RTECS, EPA, HODOC, NIH, EINECS, IR","Chuck Anderson, Aldrich Chemical Co.",,,,0
130,TIC,28.531,28.6851,28.616,TRUE,25.582926,1.061997,4.00E+06,1.66E+05,0.1541,1.786095716,20220722_DL_Sh7_1_TBaAc_16eV.lsc,Tridecane,,0,C13H28,744,793,34,184,184.219,629-50-5,114282,274625666,mainlib|replib,"Fine, TSCA, RTECS, EPA, HODOC, NIH, EINECS, IR","NIST Mass Spectrometry Data Center, 1990.",,,,0
131,TIC,28.531,28.6851,28.616,TRUE,25.582926,1.061997,4.00E+06,1.66E+05,0.1541,1.786095716,20220722_DL_Sh7_1_TBaAc_16eV.lsc,Tridecane,,0,C13H28,743,778,34,184,184.219,629-50-5,34726,270635341,mainlib|replib,"Fine, TSCA, RTECS, EPA, HODOC, NIH, EINECS, IR","CONTINENTAL OIL CO., PONCA CITY, OKLA, USA",,,,0
132,TIC,28.9783,29.2081,29.0778,TRUE,25.736157,0.672237,8.19E+05,22131,0.2297,0.36610402,20220722_DL_Sh7_1_TBaAc_16eV.lsc,"Naphthalene, 2-methyl-",,0,C11H10,775,783,81,142,142.078,91-57-6,228330,271606292,mainlib|replib,"Fine, TSCA, RTECS, EPA, HODOC, NIH, EINECS, IR",Japan AIST/NIMC Database- Spectrum MS-NW-1755,,,,0
133,TIC,28.9783,29.2081,29.0778,TRUE,25.736157,0.672237,8.19E+05,22131,0.2297,0.36610402,20220722_DL_Sh7_1_TBaAc_16eV.lsc,"Naphthalene, 2-methyl-",,0,C11H10,703,708,81,142,142.078,91-57-6,21191,271578253,mainlib|replib,"Fine, TSCA, RTECS, EPA, HODOC, NIH, EINECS, IR",,,,,0
134,TIC,29.0295,29.1829,29.1208,TRUE,25.733861,2.242729,5.75E+05,24446,0.1534,0.256887854,20220722_DL_Sh7_1_TBaAc_16eV.lsc,Tetradecane,,0,C14H30,720,768,18,198,198.235,629-59-4,229858,17258141,mainlib|replib,"Fine, TSCA, RTECS, EPA, HODOC, NIH, EINECS, IR",Japan AIST/NIMC Database- Spectrum MS-NW-2814,,,,0
135,TIC,29.0295,29.1829,29.1208,TRUE,25.733861,2.242729,5.75E+05,24446,0.1534,0.256887854,20220722_DL_Sh7_1_TBaAc_16eV.lsc,Pentadecane,,0,C15H32,700,727,8,212,212.25,629-62-9,232906,22447688,mainlib|replib,"Fine, TSCA, RTECS, EPA, HODOC, NIH, EINECS, IR",Japan AIST/NIMC Database- Spectrum MS-NW-5200,,,,0
136,TIC,29.5167,29.7085,29.6007,TRUE,26.135915,0.629778,7.15E+05,20307,0.1918,0.31972336,20220722_DL_Sh7_1_TBaAc_16eV.lsc,"Naphthalene, 2-methyl-",,0,C11H10,733,748,47,142,142.078,91-57-6,228330,271606292,mainlib|replib,"Fine, TSCA, RTECS, EPA, HODOC, NIH, EINECS, IR",Japan AIST/NIMC Database- Spectrum MS-NW-1755,,,,0
137,TIC,29.5167,29.7085,29.6007,TRUE,26.135915,0.629778,7.15E+05,20307,0.1918,0.31972336,20220722_DL_Sh7_1_TBaAc_16eV.lsc,"Naphthalene, 1-methyl-",,0,C11H10,721,727,31,142,142.078,90-12-0,62171,271524350,mainlib|replib,"Fine, TSCA, RTECS, EPA, HODOC, NIH, EINECS, IR","D.HENNEBERG, MAX-PLANCK INSTITUTE, MULHEIM, WEST GERMANY",,,,0
138,TIC,29.5167,29.7085,29.6007,TRUE,26.135915,0.629778,7.15E+05,20307,0.1918,0.31972336,20220722_DL_Sh7_1_TBaAc_16eV.lsc,"Naphthalene, 1-methyl-",,0,C11H10,705,716,31,142,142.078,90-12-0,21183,271471216,mainlib|replib,"Fine, TSCA, RTECS, EPA, HODOC, NIH, EINECS, IR","G.A.M.S., PARIS, FRANCE.",,,,0
139,TIC,29.836,29.9893,29.9472,TRUE,26.756667,0.893613,5.82E+05,12387,0.1532,0.260156339,20220722_DL_Sh7_1_TBaAc_16eV.lsc,1-Hexadecanol,LinearAlcohol16eV,0,C16H34O,719,767,7,242,242.261,36653-82-4,414975,270689342,mainlib|replib,"Fine, TSCA, RTECS, EPA, HODOC, NIH, EINECS, IR",NIST Mass Spectrometry Data Center,,,,0
140,TIC,29.836,29.9893,29.9472,TRUE,26.756667,0.893613,5.82E+05,12387,0.1532,0.260156339,20220722_DL_Sh7_1_TBaAc_16eV.lsc,n-Pentadecanol,LinearAlcohol16eV,0,C15H32O,717,799,7,228,228.245,629-76-5,430447,275055316,mainlib|replib,"Fine, TSCA, HODOC, NIH, EINECS, IR","YAMAMOTO M, DEP. CHEMISTRY, FAC. SCIENCE, NARA WOMEN'S UNIV.; Used with permission, courtesy of Funatsu Laboratory, University of Tokyo.The copyright reserved by Funatsu Laboratory.",,,,0
141,TIC,29.836,29.9893,29.9472,TRUE,26.756667,0.893613,5.82E+05,12387,0.1532,0.260156339,20220722_DL_Sh7_1_TBaAc_16eV.lsc,Behenic alcohol,LinearAlcohol16eV,0,C22H46O,709,743,5,326,326.355,661-19-8,351789,273225256,mainlib|replib,"Fine, TSCA, RTECS, HODOC, NIH, EINECS, IR",NIST Mass Spectrometry Data Center,,,,0
142,TIC,29.836,29.9893,29.9472,TRUE,26.756667,0.893613,5.82E+05,12387,0.1532,0.260156339,20220722_DL_Sh7_1_TBaAc_16eV.lsc,n-Nonadecanol-1,LinearAlcohol16eV,0,C19H40O,709,740,5,284,284.308,1454-84-8,351790,34269815,mainlib|replib,"Fine, HODOC, EINECS, IR",NIST Mass Spectrometry Data Center,,,,0
143,TIC,29.836,29.9893,29.9472,TRUE,26.756667,0.893613,5.82E+05,12387,0.1532,0.260156339,20220722_DL_Sh7_1_TBaAc_16eV.lsc,1-Heptadecene,LinearAlcohol16eV,0,C17H34,703,743,4,238,238.266,6765-39-5,233150,269694643,mainlib|replib,"Fine, TSCA, HODOC, NIH, EINECS, IR",Japan AIST/NIMC Database- Spectrum MS-NW-5612,,,,0
144,TIC,29.9528,30.1067,30.0391,TRUE,27.112785,0.88551,1.12E+06,33133,0.1539,0.499400713,20220722_DL_Sh7_1_TBaAc_16eV.lsc,Heptylcyclohexane,Cycloalkanes16eV,0,C13H26,743,769,28,182,182.203,5617-41-4,227569,16427958,mainlib|replib,"Fine, TSCA, HODOC, NIH, EINECS",Japan AIST/NIMC Database- Spectrum MS-IW-1908,,,,0
145,TIC,29.9528,30.1067,30.0391,TRUE,27.112785,0.88551,1.12E+06,33133,0.1539,0.499400713,20220722_DL_Sh7_1_TBaAc_16eV.lsc,n-Pentadecanol,Cycloalkanes16eV,0,C15H32O,717,750,8,228,228.245,629-76-5,430447,275055316,mainlib|replib,"Fine, TSCA, HODOC, NIH, EINECS, IR","YAMAMOTO M, DEP. CHEMISTRY, FAC. SCIENCE, NARA WOMEN'S UNIV.; Used with permission, courtesy of Funatsu Laboratory, University of Tokyo.The copyright reserved by Funatsu Laboratory.",,,,0
146,TIC,29.9528,30.1067,30.0391,TRUE,27.112785,0.88551,1.12E+06,33133,0.1539,0.499400713,20220722_DL_Sh7_1_TBaAc_16eV.lsc,Heptylcyclohexane,Cycloalkanes16eV,0,C13H26,703,796,28,182,182.203,5617-41-4,214970,274682458,mainlib|replib,"Fine, TSCA, HODOC, NIH, EINECS","V.G.Zaikin, TIPS, Russian Acad. Sci.",,,,0
147,TIC,30.2561,30.4481,30.3476,TRUE,27.247225,0.661221,9.33E+05,26186,0.192,0.417267926,20220722_DL_Sh7_1_TBaAc_16eV.lsc,"Tridecane, 2-methyl-",,0,C14H30,719,770,14,198,198.235,1560-96-9,22438,272394492,mainlib|replib,"Fine, HODOC","H.PICHLER THE UNIV. KARLSRUHE, KARLSRUHE, GERMANY, F.R.G.",,,,0
148,TIC,30.2561,30.4481,30.3476,TRUE,27.247225,0.661221,9.33E+05,26186,0.192,0.417267926,20220722_DL_Sh7_1_TBaAc_16eV.lsc,"Tetradecane, 2,6,10-trimethyl-",,0,C17H36,702,711,8,240,240.282,14905-56-7,11556,36039981,mainlib|replib,,"E.D.MCCARTHY CALIFORNIA UNIV., BERKELEY, U.S.A",,,,0
149,TIC,30.5654,30.642,30.6037,TRUE,27.312244,0.674485,3.97E+05,10063,0.0767,0.177422026,20220722_DL_Sh7_1_TBaAc_16eV.lsc,Octacosanol,LinearAlcohol16eV,0,C28H58O,729,761,8,410,410.449,557-61-9,414781,269298270,mainlib|replib,"Fine, TSCA, HODOC, NIH, EINECS",NIST Mass Spectrometry Data Center,,,,0
150,TIC,30.5654,30.642,30.6037,TRUE,27.312244,0.674485,3.97E+05,10063,0.0767,0.177422026,20220722_DL_Sh7_1_TBaAc_16eV.lsc,Behenic alcohol,LinearAlcohol16eV,0,C22H46O,725,747,7,326,326.355,661-19-8,351789,273225256,mainlib|replib,"Fine, TSCA, RTECS, HODOC, NIH, EINECS, IR",NIST Mass Spectrometry Data Center,,,,0
151,TIC,30.5654,30.642,30.6037,TRUE,27.312244,0.674485,3.97E+05,10063,0.0767,0.177422026,20220722_DL_Sh7_1_TBaAc_16eV.lsc,Octacosanol,LinearAlcohol16eV,0,C28H58O,723,744,8,410,410.449,557-61-9,351792,268840640,mainlib|replib,"Fine, TSCA, HODOC, NIH, EINECS",NIST Mass Spectrometry Data Center,,,,0
152,TIC,30.5654,30.642,30.6037,TRUE,27.312244,0.674485,3.97E+05,10063,0.0767,0.177422026,20220722_DL_Sh7_1_TBaAc_16eV.lsc,1-Heptacosanol,LinearAlcohol16eV,0,C27H56O,722,743,6,396,396.433,2004-39-9,351788,9502601,mainlib|replib,"Fine, NIH, EINECS",NIST Mass Spectrometry Data Center,,,,0
153,TIC,30.5654,30.642,30.6037,TRUE,27.312244,0.674485,3.97E+05,10063,0.0767,0.177422026,20220722_DL_Sh7_1_TBaAc_16eV.lsc,1-Hexacosanol,LinearAlcohol16eV,0,C26H54O,719,739,5,382,382.417,506-52-5,414524,272641486,mainlib|replib,"Fine, TSCA, HODOC, NIH, EINECS",NIST Mass Spectrometry Data Center,,,,0
154,TIC,30.6387,30.7929,30.7015,TRUE,27.579456,0.662251,1.74E+06,74635,0.1542,0.777702142,20220722_DL_Sh7_1_TBaAc_16eV.lsc,"Pentadecane, 2,6,10,14-tetramethyl-",,0,C19H40,729,775,19,268,268.313,1921-70-6,229566,46142538,mainlib|replib,"Fine, TSCA, RTECS, EPA, HODOC, NIH, EINECS, IR",Japan AIST/NIMC Database- Spectrum MS-NW-1461,,,,0
155,TIC,30.6387,30.7929,30.7015,TRUE,27.579456,0.662251,1.74E+06,74635,0.1542,0.777702142,20220722_DL_Sh7_1_TBaAc_16eV.lsc,"Pentadecane, 2,6,10,14-tetramethyl-",,0,C19H40,713,754,19,268,268.313,1921-70-6,149898,273483384,mainlib|replib,"Fine, TSCA, RTECS, EPA, HODOC, NIH, EINECS, IR",Chemical Concepts,,,,0
156,TIC,30.6387,30.7929,30.7015,TRUE,27.579456,0.662251,1.74E+06,74635,0.1542,0.777702142,20220722_DL_Sh7_1_TBaAc_16eV.lsc,Pentadecane,,0,C15H32,710,746,9,212,212.25,629-62-9,232906,22447688,mainlib|replib,"Fine, TSCA, RTECS, EPA, HODOC, NIH, EINECS, IR",Japan AIST/NIMC Database- Spectrum MS-NW-5200,,,,0
157,TIC,30.6387,30.7929,30.7015,TRUE,27.579456,0.662251,1.74E+06,74635,0.1542,0.777702142,20220722_DL_Sh7_1_TBaAc_16eV.lsc,Octadecane,,0,C18H38,703,745,7,254,254.297,593-45-3,233832,272928152,mainlib|replib,"Fine, TSCA, EPA, HODOC, NIH, EINECS, IR",Japan AIST/NIMC Database- Spectrum MS-NW-1995,,,,0
158,TIC,30.6387,30.7929,30.7015,TRUE,27.579456,0.662251,1.74E+06,74635,0.1542,0.777702142,20220722_DL_Sh7_1_TBaAc_16eV.lsc,Hexadecane,,0,C16H34,702,743,6,226,226.266,544-76-3,228773,41676896,mainlib|replib,"Fine, TSCA, RTECS, EPA, HODOC, NIH, EINECS, IR",Japan AIST/NIMC Database- Spectrum MS-NW-1507,,,,0
159,TIC,31.0241,31.139,31.1007,TRUE,27.78008,0.663955,2.48E+06,1.35E+05,0.115,1.109809204,20220722_DL_Sh7_1_TBaAc_16eV.lsc,Cyclotetradecane,Alcohol16eV,0,C14H28,822,855,11,196,196.219,295-17-0,141670,270340533,mainlib|replib,"EINECS, IR","H. Luftmann, Org. Chem. Inst., Westfalisch Wilhelms Univ., Munster, Germany",,,,0
160,TIC,31.0241,31.139,31.1007,TRUE,27.78008,0.663955,2.48E+06,1.35E+05,0.115,1.109809204,20220722_DL_Sh7_1_TBaAc_16eV.lsc,1-Hexadecanol,Alcohol16eV,0,C16H34O,821,847,11,242,242.261,36653-82-4,414975,270689342,mainlib|replib,"Fine, TSCA, RTECS, EPA, HODOC, NIH, EINECS, IR",NIST Mass Spectrometry Data Center,,,,0
161,TIC,31.0241,31.139,31.1007,TRUE,27.78008,0.663955,2.48E+06,1.35E+05,0.115,1.109809204,20220722_DL_Sh7_1_TBaAc_16eV.lsc,1-Tetradecanol,Alcohol16eV,0,C14H30O,809,840,7,214,214.23,112-72-1,414973,275081576,mainlib|replib,"Fine, TSCA, RTECS, EPA, HODOC, NIH, EINECS, IR",NIST Mass Spectrometry Data Center,,,,0
162,TIC,31.0241,31.139,31.1007,TRUE,27.78008,0.663955,2.48E+06,1.35E+05,0.115,1.109809204,20220722_DL_Sh7_1_TBaAc_16eV.lsc,1-Tetradecanol,Alcohol16eV,0,C14H30O,808,824,7,214,214.23,112-72-1,229367,272505727,mainlib|replib,"Fine, TSCA, RTECS, EPA, HODOC, NIH, EINECS, IR",Japan AIST/NIMC Database- Spectrum MS-NW-2665,,,,0
163,TIC,31.0241,31.139,31.1007,TRUE,27.78008,0.663955,2.48E+06,1.35E+05,0.115,1.109809204,20220722_DL_Sh7_1_TBaAc_16eV.lsc,1-Tetradecanol,Alcohol16eV,0,C14H30O,799,813,7,214,214.23,112-72-1,374906,272533439,mainlib|replib,"Fine, TSCA, RTECS, EPA, HODOC, NIH, EINECS, IR","NIST Mass Spectrometry Data Center, 2010",,,,0
164,TIC,31.1012,31.2548,31.1331,TRUE,27.839326,0.624881,2.66E+06,1.46E+05,0.1536,1.18777699,20220722_DL_Sh7_1_TBaAc_16eV.lsc,Cyclotetradecane,Alcohol16eV,0,C14H28,826,858,12,196,196.219,295-17-0,141670,270340533,mainlib|replib,"EINECS, IR","H. Luftmann, Org. Chem. Inst., Westfalisch Wilhelms Univ., Munster, Germany",,,,0
165,TIC,31.1012,31.2548,31.1331,TRUE,27.839326,0.624881,2.66E+06,1.46E+05,0.1536,1.18777699,20220722_DL_Sh7_1_TBaAc_16eV.lsc,1-Hexadecanol,Alcohol16eV,0,C16H34O,826,854,12,242,242.261,36653-82-4,414975,270689342,mainlib|replib,"Fine, TSCA, RTECS, EPA, HODOC, NIH, EINECS, IR",NIST Mass Spectrometry Data Center,,,,0
166,TIC,31.1012,31.2548,31.1331,TRUE,27.839326,0.624881,2.66E+06,1.46E+05,0.1536,1.18777699,20220722_DL_Sh7_1_TBaAc_16eV.lsc,1-Tetradecanol,Alcohol16eV,0,C14H30O,812,845,7,214,214.23,112-72-1,414973,275081576,mainlib|replib,"Fine, TSCA, RTECS, EPA, HODOC, NIH, EINECS, IR",NIST Mass Spectrometry Data Center,,,,0
167,TIC,31.1012,31.2548,31.1331,TRUE,27.839326,0.624881,2.66E+06,1.46E+05,0.1536,1.18777699,20220722_DL_Sh7_1_TBaAc_16eV.lsc,1-Tetradecanol,Alcohol16eV,0,C14H30O,802,818,7,214,214.23,112-72-1,229367,272505727,mainlib|replib,"Fine, TSCA, RTECS, EPA, HODOC, NIH, EINECS, IR",Japan AIST/NIMC Database- Spectrum MS-NW-2665,,,,0
168,TIC,31.1012,31.2548,31.1331,TRUE,27.839326,0.624881,2.66E+06,1.46E+05,0.1536,1.18777699,20220722_DL_Sh7_1_TBaAc_16eV.lsc,1-Heptadecene,Alcohol16eV,0,C17H34,799,815,5,238,238.266,6765-39-5,233150,269694643,mainlib|replib,"Fine, TSCA, HODOC, NIH, EINECS, IR",Japan AIST/NIMC Database- Spectrum MS-NW-5612,,,,0
169,TIC,31.2169,31.2935,31.2552,TRUE,28.328333,0.839273,1.81E+05,13639,0.0767,0.080828144,20220722_DL_Sh7_1_TBaAc_16eV.lsc,Cyclotetradecane,Alcohol16eV,0,C14H28,740,802,16,196,196.219,295-17-0,141670,270340533,mainlib|replib,"EINECS, IR","H. Luftmann, Org. Chem. Inst., Westfalisch Wilhelms Univ., Munster, Germany",,,,0
170,TIC,31.2169,31.2935,31.2552,TRUE,28.328333,0.839273,1.81E+05,13639,0.0767,0.080828144,20220722_DL_Sh7_1_TBaAc_16eV.lsc,1-Hexadecanol,Alcohol16eV,0,C16H34O,732,783,12,242,242.261,36653-82-4,414975,270689342,mainlib|replib,"Fine, TSCA, RTECS, EPA, HODOC, NIH, EINECS, IR",NIST Mass Spectrometry Data Center,,,,0
171,TIC,31.2169,31.2935,31.2552,TRUE,28.328333,0.839273,1.81E+05,13639,0.0767,0.080828144,20220722_DL_Sh7_1_TBaAc_16eV.lsc,1-Hexadecanol,Alcohol16eV,0,C16H34O,704,734,12,242,242.261,36653-82-4,228770,270719348,mainlib|replib,"Fine, TSCA, RTECS, EPA, HODOC, NIH, EINECS, IR",Japan AIST/NIMC Database- Spectrum MS-NW- 379,,,,0
172,TIC,31.2169,31.2935,31.2552,TRUE,28.328333,0.839273,1.81E+05,13639,0.0767,0.080828144,20220722_DL_Sh7_1_TBaAc_16eV.lsc,1-Hexadecanol,Alcohol16eV,0,C16H34O,703,768,12,242,242.261,36653-82-4,313200,268811916,mainlib|replib,"Fine, TSCA, RTECS, EPA, HODOC, NIH, EINECS, IR","Dr. P.K. Shah, NYC Police Laboratory, NY",,,,0
173,TIC,31.2169,31.2935,31.2552,TRUE,28.328333,0.839273,1.81E+05,13639,0.0767,0.080828144,20220722_DL_Sh7_1_TBaAc_16eV.lsc,n-Nonadecanol-1,Alcohol16eV,0,C19H40O,703,720,3,284,284.308,1454-84-8,232931,274241120,mainlib|replib,"Fine, HODOC, EINECS, IR",Japan AIST/NIMC Database- Spectrum MS-NW-4538,,,,0
174,TIC,31.2149,31.4072,31.3157,TRUE,28.366667,0.86424,4.89E+06,1.51E+05,0.1923,2.184567483,20220722_DL_Sh7_1_TBaAc_16eV.lsc,Tetradecane,,0,C14H30,792,843,44,198,198.235,629-59-4,229858,17258141,mainlib|replib,"Fine, TSCA, RTECS, EPA, HODOC, NIH, EINECS, IR",Japan AIST/NIMC Database- Spectrum MS-NW-2814,,,,0
175,TIC,31.2149,31.4072,31.3157,TRUE,28.366667,0.86424,4.89E+06,1.51E+05,0.1923,2.184567483,20220722_DL_Sh7_1_TBaAc_16eV.lsc,Tetradecane,,0,C14H30,750,792,44,198,198.235,629-59-4,107373,271888400,mainlib|replib,"Fine, TSCA, RTECS, EPA, HODOC, NIH, EINECS, IR","Chuck Anderson, Aldrich Chemical Co.",,,,0
176,TIC,31.2149,31.4072,31.3157,TRUE,28.366667,0.86424,4.89E+06,1.51E+05,0.1923,2.184567483,20220722_DL_Sh7_1_TBaAc_16eV.lsc,Pentadecane,,0,C15H32,737,802,8,212,212.25,629-62-9,232906,22447688,mainlib|replib,"Fine, TSCA, RTECS, EPA, HODOC, NIH, EINECS, IR",Japan AIST/NIMC Database- Spectrum MS-NW-5200,,,,0
177,TIC,31.2149,31.4072,31.3157,TRUE,28.366667,0.86424,4.89E+06,1.51E+05,0.1923,2.184567483,20220722_DL_Sh7_1_TBaAc_16eV.lsc,Hexadecane,,0,C16H34,735,774,8,226,226.266,544-76-3,228773,41676896,mainlib|replib,"Fine, TSCA, RTECS, EPA, HODOC, NIH, EINECS, IR",Japan AIST/NIMC Database- Spectrum MS-NW-1507,,,,0
178,TIC,31.2149,31.4072,31.3157,TRUE,28.366667,0.86424,4.89E+06,1.51E+05,0.1923,2.184567483,20220722_DL_Sh7_1_TBaAc_16eV.lsc,Heptadecane,,0,C17H36,727,775,5,240,240.282,629-78-7,228254,3145406,mainlib|replib,"Fine, TSCA, RTECS, EPA, HODOC, NIH, EINECS, IR",Japan AIST/NIMC Database- Spectrum MS-NW-2741,,,,0
179,TIC,31.967,32.2729,32.0738,TRUE,28.435945,0.797048,8.04E+05,20265,0.3059,0.359383048,20220722_DL_Sh7_1_TBaAc_16eV.lsc,"Naphthalene, 1,2-dimethyl-",,0,C12H12,734,755,33,156,156.094,573-98-8,188209,273338929,mainlib|replib,"Fine, EPA, HODOC, NIH, EINECS, IR",Chemical Concepts,,,,0
180,TIC,31.967,32.2729,32.0738,TRUE,28.435945,0.797048,8.04E+05,20265,0.3059,0.359383048,20220722_DL_Sh7_1_TBaAc_16eV.lsc,"Naphthalene, 1,5-dimethyl-",,0,C12H12,708,733,9,156,156.094,571-61-9,109641,273260439,mainlib|replib,"Fine, EPA, HODOC, NIH, EINECS, IR",Philip Morris R&D,,,,0
181,TIC,31.967,32.2729,32.0738,TRUE,28.435945,0.797048,8.04E+05,20265,0.3059,0.359383048,20220722_DL_Sh7_1_TBaAc_16eV.lsc,"Naphthalene, 2,7-dimethyl-",,0,C12H12,705,723,8,156,156.094,582-16-1,109640,272755820,mainlib|replib,"Fine, EPA, HODOC, NIH, EINECS, IR",Philip Morris R&D,,,,0
182,TIC,31.967,32.2729,32.0738,TRUE,28.435945,0.797048,8.04E+05,20265,0.3059,0.359383048,20220722_DL_Sh7_1_TBaAc_16eV.lsc,Pentobarbital,,0,C11H18N2O3,703,722,8,226,226.132,76-74-4,244543,273469468,mainlib|replib,"RTECS, USP, HODOC, NIH, EINECS",Japan AIST/NIMC Database- Spectrum MS-IW-4532,,,,0
183,TIC,32.4284,32.5821,32.4966,TRUE,28.498851,0.828666,9.62E+05,25460,0.1537,0.430204445,20220722_DL_Sh7_1_TBaAc_16eV.lsc,"Naphthalene, 1,2-dimethyl-",,0,C12H12,803,817,48,156,156.094,573-98-8,188209,273338929,mainlib|replib,"Fine, EPA, HODOC, NIH, EINECS, IR",Chemical Concepts,,,,0
184,TIC,32.4284,32.5821,32.4966,TRUE,28.498851,0.828666,9.62E+05,25460,0.1537,0.430204445,20220722_DL_Sh7_1_TBaAc_16eV.lsc,"Naphthalene, 1,2-dimethyl-",,0,C12H12,748,756,48,156,156.094,573-98-8,228344,39815985,mainlib|replib,"Fine, EPA, HODOC, NIH, EINECS, IR",Japan AIST/NIMC Database- Spectrum MS-NW-1992,,,,0
185,TIC,32.4284,32.5821,32.4966,TRUE,28.498851,0.828666,9.62E+05,25460,0.1537,0.430204445,20220722_DL_Sh7_1_TBaAc_16eV.lsc,"Naphthalene, 2,6-dimethyl-",,0,C12H12,738,747,7,156,156.094,581-42-0,228333,272941783,mainlib|replib,"Fine, EPA, HODOC, NIH, EINECS, IR",Japan AIST/NIMC Database- Spectrum MS-NW-2660,,,,0
186,TIC,32.4284,32.5821,32.4966,TRUE,28.498851,0.828666,9.62E+05,25460,0.1537,0.430204445,20220722_DL_Sh7_1_TBaAc_16eV.lsc,Pentobarbital,,0,C11H18N2O3,734,751,6,226,226.132,76-74-4,244543,273469468,mainlib|replib,"RTECS, USP, HODOC, NIH, EINECS",Japan AIST/NIMC Database- Spectrum MS-IW-4532,,,,0
187,TIC,32.4284,32.5821,32.4966,TRUE,28.498851,0.828666,9.62E+05,25460,0.1537,0.430204445,20220722_DL_Sh7_1_TBaAc_16eV.lsc,"Naphthalene, 1,5-dimethyl-",,0,C12H12,733,747,6,156,156.094,571-61-9,109641,273260439,mainlib|replib,"Fine, EPA, HODOC, NIH, EINECS, IR",Philip Morris R&D,,,,0
188,TIC,32.5437,32.7748,32.6033,TRUE,28.604578,0.683996,8.25E+05,23122,0.2311,0.368689224,20220722_DL_Sh7_1_TBaAc_16eV.lsc,"Naphthalene, 1,2-dimethyl-",,0,C12H12,754,777,39,156,156.094,573-98-8,188209,273338929,mainlib|replib,"Fine, EPA, HODOC, NIH, EINECS, IR",Chemical Concepts,,,,0
189,TIC,32.5437,32.7748,32.6033,TRUE,28.604578,0.683996,8.25E+05,23122,0.2311,0.368689224,20220722_DL_Sh7_1_TBaAc_16eV.lsc,"Naphthalene, 2,7-dimethyl-",,0,C12H12,728,744,11,156,156.094,582-16-1,109640,272755820,mainlib|replib,"Fine, EPA, HODOC, NIH, EINECS, IR",Philip Morris R&D,,,,0
190,TIC,32.5437,32.7748,32.6033,TRUE,28.604578,0.683996,8.25E+05,23122,0.2311,0.368689224,20220722_DL_Sh7_1_TBaAc_16eV.lsc,"Naphthalene, 1,2-dimethyl-",,0,C12H12,726,737,39,156,156.094,573-98-8,228344,39815985,mainlib|replib,"Fine, EPA, HODOC, NIH, EINECS, IR",Japan AIST/NIMC Database- Spectrum MS-NW-1992,,,,0
191,TIC,32.5437,32.7748,32.6033,TRUE,28.604578,0.683996,8.25E+05,23122,0.2311,0.368689224,20220722_DL_Sh7_1_TBaAc_16eV.lsc,"Naphthalene, 2,6-dimethyl-",,0,C12H12,723,738,9,156,156.094,581-42-0,228333,272941783,mainlib|replib,"Fine, EPA, HODOC, NIH, EINECS, IR",Japan AIST/NIMC Database- Spectrum MS-NW-2660,,,,0
192,TIC,32.5437,32.7748,32.6033,TRUE,28.604578,0.683996,8.25E+05,23122,0.2311,0.368689224,20220722_DL_Sh7_1_TBaAc_16eV.lsc,"Naphthalene, 1,5-dimethyl-",,0,C12H12,714,735,6,156,156.094,571-61-9,109641,273260439,mainlib|replib,"Fine, EPA, HODOC, NIH, EINECS, IR",Philip Morris R&D,,,,0
193,TIC,32.7129,32.7896,32.7512,TRUE,29.041216,2.192406,7.30E+05,25791,0.0767,0.326399414,20220722_DL_Sh7_1_TBaAc_16eV.lsc,1-Hexadecanol,Cycloalkanes16eV,0,C16H34O,729,796,11,242,242.261,36653-82-4,414975,270689342,mainlib|replib,"Fine, TSCA, RTECS, EPA, HODOC, NIH, EINECS, IR",NIST Mass Spectrometry Data Center,,,,0
194,TIC,32.7129,32.7896,32.7512,TRUE,29.041216,2.192406,7.30E+05,25791,0.0767,0.326399414,20220722_DL_Sh7_1_TBaAc_16eV.lsc,Cyclotetradecane,Cycloalkanes16eV,0,C14H28,726,798,10,196,196.219,295-17-0,141670,270340533,mainlib|replib,"EINECS, IR","H. Luftmann, Org. Chem. Inst., Westfalisch Wilhelms Univ., Munster, Germany",,,,0
195,TIC,32.7129,32.7896,32.7512,TRUE,29.041216,2.192406,7.30E+05,25791,0.0767,0.326399414,20220722_DL_Sh7_1_TBaAc_16eV.lsc,n-Nonadecanol-1,Cycloalkanes16eV,0,C19H40O,713,726,6,284,284.308,1454-84-8,232931,274241120,mainlib|replib,"Fine, HODOC, EINECS, IR",Japan AIST/NIMC Database- Spectrum MS-NW-4538,,,,0
196,TIC,32.7129,32.7896,32.7512,TRUE,29.041216,2.192406,7.30E+05,25791,0.0767,0.326399414,20220722_DL_Sh7_1_TBaAc_16eV.lsc,1-Hexadecanol,Cycloalkanes16eV,0,C16H34O,708,777,11,242,242.261,36653-82-4,313200,268811916,mainlib|replib,"Fine, TSCA, RTECS, EPA, HODOC, NIH, EINECS, IR","Dr. P.K. Shah, NYC Police Laboratory, NY",,,,0
197,TIC,32.7129,32.7896,32.7512,TRUE,29.041216,2.192406,7.30E+05,25791,0.0767,0.326399414,20220722_DL_Sh7_1_TBaAc_16eV.lsc,Behenic alcohol,Cycloalkanes16eV,0,C22H46O,703,725,4,326,326.355,661-19-8,351789,273225256,mainlib|replib,"Fine, TSCA, RTECS, HODOC, NIH, EINECS, IR",NIST Mass Spectrometry Data Center,,,,0
198,TIC,32.7517,32.8674,32.7901,TRUE,29.109791,0.659169,4.12E+05,23413,0.1157,0.184326337,20220722_DL_Sh7_1_TBaAc_16eV.lsc,"Cyclohexane, octyl-",Cycloalkanes16eV,0,C14H28,733,785,23,196,196.219,1795-15-9,227673,18314998,mainlib|replib,"Fine, TSCA, HODOC, NIH, EINECS, IR",Japan AIST/NIMC Database- Spectrum MS-IW-1910,,,,0
199,TIC,32.7517,32.8674,32.7901,TRUE,29.109791,0.659169,4.12E+05,23413,0.1157,0.184326337,20220722_DL_Sh7_1_TBaAc_16eV.lsc,"Cyclohexane, octyl-",Cycloalkanes16eV,0,C14H28,723,750,23,196,196.219,1795-15-9,22404,274735717,mainlib|replib,"Fine, TSCA, HODOC, NIH, EINECS, IR",,,,,0
200,TIC,32.7517,32.8674,32.7901,TRUE,29.109791,0.659169,4.12E+05,23413,0.1157,0.184326337,20220722_DL_Sh7_1_TBaAc_16eV.lsc,Cyclotetradecane,Cycloalkanes16eV,0,C14H28,719,766,14,196,196.219,295-17-0,141670,270340533,mainlib|replib,"EINECS, IR","H. Luftmann, Org. Chem. Inst., Westfalisch Wilhelms Univ., Munster, Germany",,,,0
201,TIC,32.7517,32.8674,32.7901,TRUE,29.109791,0.659169,4.12E+05,23413,0.1157,0.184326337,20220722_DL_Sh7_1_TBaAc_16eV.lsc,1-Hexadecanol,Cycloalkanes16eV,0,C16H34O,716,754,13,242,242.261,36653-82-4,414975,270689342,mainlib|replib,"Fine, TSCA, RTECS, EPA, HODOC, NIH, EINECS, IR",NIST Mass Spectrometry Data Center,,,,0
202,TIC,32.824,32.9388,32.9005,TRUE,29.600531,0.012849,1.17E+06,80076,0.1148,0.522558738,20220722_DL_Sh7_1_TBaAc_16eV.lsc,Octadecane,,0,C18H38,714,760,13,254,254.297,593-45-3,233832,272928152,mainlib|replib,"Fine, TSCA, EPA, HODOC, NIH, EINECS, IR",Japan AIST/NIMC Database- Spectrum MS-NW-1995,,,,0
203,TIC,32.824,32.9388,32.9005,TRUE,29.600531,0.012849,1.17E+06,80076,0.1148,0.522558738,20220722_DL_Sh7_1_TBaAc_16eV.lsc,Hexadecane,,0,C16H34,704,747,9,226,226.266,544-76-3,228773,41676896,mainlib|replib,"Fine, TSCA, RTECS, EPA, HODOC, NIH, EINECS, IR",Japan AIST/NIMC Database- Spectrum MS-NW-1507,,,,0
204,TIC,32.824,32.9388,32.9005,TRUE,29.600531,0.012849,1.17E+06,80076,0.1148,0.522558738,20220722_DL_Sh7_1_TBaAc_16eV.lsc,"Pentadecane, 2,6,10,14-tetramethyl-",,0,C19H40,703,743,8,268,268.313,1921-70-6,149898,273483384,mainlib|replib,"Fine, TSCA, RTECS, EPA, HODOC, NIH, EINECS, IR",Chemical Concepts,,,,0
205,TIC,32.824,32.9388,32.9005,TRUE,29.600531,0.012849,1.17E+06,80076,0.1148,0.522558738,20220722_DL_Sh7_1_TBaAc_16eV.lsc,"2,6,10-Trimethyltridecane",,0,C16H34,702,767,8,226,226.266,3891-99-4,412744,31602341,mainlib|replib,,NIST Mass Spectrometry Data Center,,,,0
206,TIC,32.901,33.0552,32.9341,TRUE,29.934598,0.756116,1.37E+06,83567,0.1542,0.611765678,20220722_DL_Sh7_1_TBaAc_16eV.lsc,Octadecane,,0,C18H38,738,789,18,254,254.297,593-45-3,233832,272928152,mainlib|replib,"Fine, TSCA, EPA, HODOC, NIH, EINECS, IR",Japan AIST/NIMC Database- Spectrum MS-NW-1995,,,,0
207,TIC,32.901,33.0552,32.9341,TRUE,29.934598,0.756116,1.37E+06,83567,0.1542,0.611765678,20220722_DL_Sh7_1_TBaAc_16eV.lsc,Heptadecane,,0,C17H36,720,774,9,240,240.282,629-78-7,228254,3145406,mainlib|replib,"Fine, TSCA, RTECS, EPA, HODOC, NIH, EINECS, IR",Japan AIST/NIMC Database- Spectrum MS-NW-2741,,,,0
208,TIC,32.901,33.0552,32.9341,TRUE,29.934598,0.756116,1.37E+06,83567,0.1542,0.611765678,20220722_DL_Sh7_1_TBaAc_16eV.lsc,Hexadecane,,0,C16H34,717,763,8,226,226.266,544-76-3,228773,41676896,mainlib|replib,"Fine, TSCA, RTECS, EPA, HODOC, NIH, EINECS, IR",Japan AIST/NIMC Database- Spectrum MS-NW-1507,,,,0
209,TIC,32.901,33.0552,32.9341,TRUE,29.934598,0.756116,1.37E+06,83567,0.1542,0.611765678,20220722_DL_Sh7_1_TBaAc_16eV.lsc,Hexadecane,,0,C16H34,716,759,8,226,226.266,544-76-3,107738,273377847,mainlib|replib,"Fine, TSCA, RTECS, EPA, HODOC, NIH, EINECS, IR","Chuck Anderson, Aldrich Chemical Co.",,,,0
210,TIC,32.901,33.0552,32.9341,TRUE,29.934598,0.756116,1.37E+06,83567,0.1542,0.611765678,20220722_DL_Sh7_1_TBaAc_16eV.lsc,Eicosane,,0,C20H42,714,763,7,282,282.329,112-95-8,341441,34400919,mainlib|replib,"Fine, TSCA, EPA, HODOC, NIH, EINECS, IR",NIST Mass Spectrometry Data Center,,,,0
211,TIC,33.2153,33.56,33.3191,TRUE,30.024179,0.892771,1.74E+07,6.27E+05,0.3448,7.794760355,20220722_DL_Sh7_1_TBaAc_16eV.lsc,1-Dodecanol,Alcohol16eV,0,C12H26O,822,848,14,186,186.198,112-53-8,403152,271404149,mainlib|replib,"Fine, TSCA, RTECS, EPA, HODOC, NIH, EINECS, IR","J. Little, Eastman chemical company.",,,,0
212,TIC,33.2153,33.56,33.3191,TRUE,30.024179,0.892771,1.74E+07,6.27E+05,0.3448,7.794760355,20220722_DL_Sh7_1_TBaAc_16eV.lsc,1-Tetradecanol,Alcohol16eV,0,C14H30O,822,845,14,214,214.23,112-72-1,414973,275081576,mainlib|replib,"Fine, TSCA, RTECS, EPA, HODOC, NIH, EINECS, IR",NIST Mass Spectrometry Data Center,,,,0
213,TIC,33.2153,33.56,33.3191,TRUE,30.024179,0.892771,1.74E+07,6.27E+05,0.3448,7.794760355,20220722_DL_Sh7_1_TBaAc_16eV.lsc,1-Dodecanol,Alcohol16eV,0,C12H26O,821,833,14,186,186.198,112-53-8,229216,16301498,mainlib|replib,"Fine, TSCA, RTECS, EPA, HODOC, NIH, EINECS, IR",Japan AIST/NIMC Database- Spectrum MS-NW-1608,,,,0
214,TIC,33.2153,33.56,33.3191,TRUE,30.024179,0.892771,1.74E+07,6.27E+05,0.3448,7.794760355,20220722_DL_Sh7_1_TBaAc_16eV.lsc,Cyclododecane,Alcohol16eV,0,C12H24,814,833,10,168,168.188,294-62-2,35140,272203320,mainlib|replib,"Fine, TSCA, RTECS, HODOC, EINECS, IR","D. LUKE UNILEVER RESEARCH LAB., PORT SUNLIGHT",,,,0
215,TIC,33.2153,33.56,33.3191,TRUE,30.024179,0.892771,1.74E+07,6.27E+05,0.3448,7.794760355,20220722_DL_Sh7_1_TBaAc_16eV.lsc,1-Dodecanol,Alcohol16eV,0,C12H26O,813,822,14,186,186.198,112-53-8,414974,274999582,mainlib|replib,"Fine, TSCA, RTECS, EPA, HODOC, NIH, EINECS, IR",NIST Mass Spectrometry Data Center,,,,0
216,TIC,33.7449,33.937,33.8733,TRUE,30.194789,0.677122,4.40E+06,1.59E+05,0.1921,1.965313028,20220722_DL_Sh7_1_TBaAc_16eV.lsc,Pentadecane,,0,C15H32,769,856,34,212,212.25,629-62-9,428190,272340552,mainlib|replib,"Fine, TSCA, RTECS, EPA, HODOC, NIH, EINECS, IR","YAMAMOTO M, DEP. CHEMISTRY, FAC. SCIENCE, NARA WOMEN'S UNIV.; Used with permission, courtesy of Funatsu Laboratory, University of Tokyo.The copyright reserved by Funatsu Laboratory.",,,,0
217,TIC,33.7449,33.937,33.8733,TRUE,30.194789,0.677122,4.40E+06,1.59E+05,0.1921,1.965313028,20220722_DL_Sh7_1_TBaAc_16eV.lsc,Pentadecane,,0,C15H32,767,805,34,212,212.25,629-62-9,232906,22447688,mainlib|replib,"Fine, TSCA, RTECS, EPA, HODOC, NIH, EINECS, IR",Japan AIST/NIMC Database- Spectrum MS-NW-5200,,,,0
218,TIC,33.7449,33.937,33.8733,TRUE,30.194789,0.677122,4.40E+06,1.59E+05,0.1921,1.965313028,20220722_DL_Sh7_1_TBaAc_16eV.lsc,Octadecane,,0,C18H38,746,805,12,254,254.297,593-45-3,233832,272928152,mainlib|replib,"Fine, TSCA, EPA, HODOC, NIH, EINECS, IR",Japan AIST/NIMC Database- Spectrum MS-NW-1995,,,,0
219,TIC,33.7449,33.937,33.8733,TRUE,30.194789,0.677122,4.40E+06,1.59E+05,0.1921,1.965313028,20220722_DL_Sh7_1_TBaAc_16eV.lsc,Heptadecane,,0,C17H36,743,800,11,240,240.282,629-78-7,228254,3145406,mainlib|replib,"Fine, TSCA, RTECS, EPA, HODOC, NIH, EINECS, IR",Japan AIST/NIMC Database- Spectrum MS-NW-2741,,,,0
220,TIC,33.7449,33.937,33.8733,TRUE,30.194789,0.677122,4.40E+06,1.59E+05,0.1921,1.965313028,20220722_DL_Sh7_1_TBaAc_16eV.lsc,Pentadecane,,0,C15H32,743,796,34,212,212.25,629-62-9,107761,272313591,mainlib|replib,"Fine, TSCA, RTECS, EPA, HODOC, NIH, EINECS, IR","Chuck Anderson, Aldrich Chemical Co.",,,,0
221,TIC,33.9388,34.054,33.9914,TRUE,30.336433,0.671974,3.64E+05,13038,0.1152,0.162683259,20220722_DL_Sh7_1_TBaAc_16eV.lsc,n-Nonadecanol-1,LinearAlcohol16eV,0,C19H40O,734,744,9,284,284.308,1454-84-8,232931,274241120,mainlib|replib,"Fine, HODOC, EINECS, IR",Japan AIST/NIMC Database- Spectrum MS-NW-4538,,,,0
222,TIC,33.9388,34.054,33.9914,TRUE,30.336433,0.671974,3.64E+05,13038,0.1152,0.162683259,20220722_DL_Sh7_1_TBaAc_16eV.lsc,n-Heptadecanol-1,LinearAlcohol16eV,0,C17H36O,720,750,5,256,256.277,1454-85-9,351786,39325966,mainlib|replib,"Fine, TSCA, HODOC, NIH, EINECS, IR",NIST Mass Spectrometry Data Center,,,,0
223,TIC,33.9388,34.054,33.9914,TRUE,30.336433,0.671974,3.64E+05,13038,0.1152,0.162683259,20220722_DL_Sh7_1_TBaAc_16eV.lsc,n-Pentadecanol,LinearAlcohol16eV,0,C15H32O,717,778,5,228,228.245,629-76-5,430447,275055316,mainlib|replib,"Fine, TSCA, HODOC, NIH, EINECS, IR","YAMAMOTO M, DEP. CHEMISTRY, FAC. SCIENCE, NARA WOMEN'S UNIV.; Used with permission, courtesy of Funatsu Laboratory, University of Tokyo.The copyright reserved by Funatsu Laboratory.",,,,0
224,TIC,33.9388,34.054,33.9914,TRUE,30.336433,0.671974,3.64E+05,13038,0.1152,0.162683259,20220722_DL_Sh7_1_TBaAc_16eV.lsc,Behenic alcohol,LinearAlcohol16eV,0,C22H46O,717,733,5,326,326.355,661-19-8,351789,273225256,mainlib|replib,"Fine, TSCA, RTECS, HODOC, NIH, EINECS, IR",NIST Mass Spectrometry Data Center,,,,0
225,TIC,33.9388,34.054,33.9914,TRUE,30.336433,0.671974,3.64E+05,13038,0.1152,0.162683259,20220722_DL_Sh7_1_TBaAc_16eV.lsc,Cyclopentadecane,LinearAlcohol16eV,0,C15H30,716,746,5,210,210.235,295-48-7,234421,11239963,mainlib|replib,"TSCA, HODOC, EINECS, IR",Japan AIST/NIMC Database- Spectrum MS-IW-2161,,,,0
226,TIC,34.9331,35.1251,35.0279,TRUE,30.537617,0.691343,1.20E+06,15919,0.192,0.53758294,20220722_DL_Sh7_1_TBaAc_16eV.lsc,Eicosane,,0,C20H42,718,752,12,282,282.329,112-95-8,341441,34400919,mainlib|replib,"Fine, TSCA, EPA, HODOC, NIH, EINECS, IR",NIST Mass Spectrometry Data Center,,,,0
227,TIC,34.9331,35.1251,35.0279,TRUE,30.537617,0.691343,1.20E+06,15919,0.192,0.53758294,20220722_DL_Sh7_1_TBaAc_16eV.lsc,Octadecane,,0,C18H38,713,753,9,254,254.297,593-45-3,233832,272928152,mainlib|replib,"Fine, TSCA, EPA, HODOC, NIH, EINECS, IR",Japan AIST/NIMC Database- Spectrum MS-NW-1995,,,,0
228,TIC,34.9331,35.1251,35.0279,TRUE,30.537617,0.691343,1.20E+06,15919,0.192,0.53758294,20220722_DL_Sh7_1_TBaAc_16eV.lsc,Hexacosane,,0,C26H54,706,740,7,366,366.423,630-01-3,379947,273430167,mainlib|replib,"Fine, TSCA, EPA, HODOC, NIH, EINECS, IR",Drug Lab,,,,0
229,TIC,34.9331,35.1251,35.0279,TRUE,30.537617,0.691343,1.20E+06,15919,0.192,0.53758294,20220722_DL_Sh7_1_TBaAc_16eV.lsc,Octadecane,,0,C18H38,705,747,9,254,254.297,593-45-3,57273,271405166,mainlib|replib,"Fine, TSCA, EPA, HODOC, NIH, EINECS, IR",MIKE CARTER,,,,0
230,TIC,34.9331,35.1251,35.0279,TRUE,30.537617,0.691343,1.20E+06,15919,0.192,0.53758294,20220722_DL_Sh7_1_TBaAc_16eV.lsc,Nonadecane,,0,C19H40,705,740,7,268,268.313,629-92-5,151324,28553076,mainlib|replib,"Fine, TSCA, EPA, HODOC, NIH, EINECS, IR",Chemical Concepts,,,,0
231,TIC,35.2254,35.4172,35.3165,TRUE,30.59,0.822707,5.79E+05,14442,0.1918,0.258663279,20220722_DL_Sh7_1_TBaAc_16eV.lsc,"Naphthalene, 1,4,6-trimethyl-",,0,C13H14,768,788,61,170,170.11,2131-42-2,109638,274986333,mainlib|replib,"HODOC, NIH, EINECS",Philip Morris R&D,,,,0
232,TIC,35.2254,35.4172,35.3165,TRUE,30.59,0.822707,5.79E+05,14442,0.1918,0.258663279,20220722_DL_Sh7_1_TBaAc_16eV.lsc,"Naphthalene, 2,3,6-trimethyl-",,0,C13H14,738,754,17,170,170.11,829-26-5,149561,274932382,mainlib|replib,"EPA, HODOC, NIH, EINECS, IR",Chemical Concepts,,,,0
233,TIC,35.2254,35.4172,35.3165,TRUE,30.59,0.822707,5.79E+05,14442,0.1918,0.258663279,20220722_DL_Sh7_1_TBaAc_16eV.lsc,"Naphthalene, 1,6,7-trimethyl-",,0,C13H14,728,746,12,170,170.11,2245-38-7,229746,47364967,mainlib|replib,"Fine, EPA, HODOC, NIH, EINECS",Japan AIST/NIMC Database- Spectrum MS-IW-1413,,,,0
234,TIC,35.2254,35.4172,35.3165,TRUE,30.59,0.822707,5.79E+05,14442,0.1918,0.258663279,20220722_DL_Sh7_1_TBaAc_16eV.lsc,"Naphthalene, 2,3,6-trimethyl-",,0,C13H14,716,730,17,170,170.11,829-26-5,228329,47598978,mainlib|replib,"EPA, HODOC, NIH, EINECS, IR",Japan AIST/NIMC Database- Spectrum MS-NW-6143,,,,0
235,TIC,35.5465,35.6621,35.6046,TRUE,30.690791,0.640019,4.59E+05,14326,0.1156,0.205187034,20220722_DL_Sh7_1_TBaAc_16eV.lsc,Ditetradecyl ether,,0,C28H58O,704,741,22,410,410.449,5412-98-6,231572,43099594,mainlib|replib,"Fine, NIH, EINECS",Japan AIST/NIMC Database- Spectrum MS-NW-2891,,,,0
236,TIC,35.6484,35.8017,35.7452,TRUE,31.088333,0.742409,5.20E+05,12684,0.1533,0.232473671,20220722_DL_Sh7_1_TBaAc_16eV.lsc,"Naphthalene, 1,4,6-trimethyl-",,0,C13H14,735,749,42,170,170.11,2131-42-2,109638,274986333,mainlib|replib,"HODOC, NIH, EINECS",Philip Morris R&D,,,,0
237,TIC,35.6484,35.8017,35.7452,TRUE,31.088333,0.742409,5.20E+05,12684,0.1533,0.232473671,20220722_DL_Sh7_1_TBaAc_16eV.lsc,"Naphthalene, 2,3,6-trimethyl-",,0,C13H14,721,734,26,170,170.11,829-26-5,149561,274932382,mainlib|replib,"EPA, HODOC, NIH, EINECS, IR",Chemical Concepts,,,,0
238,TIC,35.6484,35.8017,35.7452,TRUE,31.088333,0.742409,5.20E+05,12684,0.1533,0.232473671,20220722_DL_Sh7_1_TBaAc_16eV.lsc,"Naphthalene, 2,3,6-trimethyl-",,0,C13H14,720,731,26,170,170.11,829-26-5,228329,47598978,mainlib|replib,"EPA, HODOC, NIH, EINECS, IR",Japan AIST/NIMC Database- Spectrum MS-NW-6143,,,,0
239,TIC,35.6484,35.8017,35.7452,TRUE,31.088333,0.742409,5.20E+05,12684,0.1533,0.232473671,20220722_DL_Sh7_1_TBaAc_16eV.lsc,"Naphthalene, 1,6,7-trimethyl-",,0,C13H14,715,730,20,170,170.11,2245-38-7,229746,47364967,mainlib|replib,"Fine, EPA, HODOC, NIH, EINECS",Japan AIST/NIMC Database- Spectrum MS-IW-1413,,,,0
240,TIC,35.7628,35.8779,35.8137,TRUE,31.120263,0.767614,3.25E+05,11817,0.1151,0.1454707,20220722_DL_Sh7_1_TBaAc_16eV.lsc,"Naphthalene, 2,3,6-trimethyl-",,0,C13H14,736,746,37,170,170.11,829-26-5,228329,47598978,mainlib|replib,"EPA, HODOC, NIH, EINECS, IR",Japan AIST/NIMC Database- Spectrum MS-NW-6143,,,,0
241,TIC,35.7628,35.8779,35.8137,TRUE,31.120263,0.767614,3.25E+05,11817,0.1151,0.1454707,20220722_DL_Sh7_1_TBaAc_16eV.lsc,"Naphthalene, 1,4,6-trimethyl-",,0,C13H14,729,745,29,170,170.11,2131-42-2,109638,274986333,mainlib|replib,"HODOC, NIH, EINECS",Philip Morris R&D,,,,0
242,TIC,35.7628,35.8779,35.8137,TRUE,31.120263,0.767614,3.25E+05,11817,0.1151,0.1454707,20220722_DL_Sh7_1_TBaAc_16eV.lsc,"Naphthalene, 2,3,6-trimethyl-",,0,C13H14,721,736,37,170,170.11,829-26-5,149561,274932382,mainlib|replib,"EPA, HODOC, NIH, EINECS, IR",Chemical Concepts,,,,0
243,TIC,35.7628,35.8779,35.8137,TRUE,31.120263,0.767614,3.25E+05,11817,0.1151,0.1454707,20220722_DL_Sh7_1_TBaAc_16eV.lsc,"Naphthalene, 1,6,7-trimethyl-",,0,C13H14,713,728,16,170,170.11,2245-38-7,229746,47364967,mainlib|replib,"Fine, EPA, HODOC, NIH, EINECS",Japan AIST/NIMC Database- Spectrum MS-IW-1413,,,,0
244,TIC,36.0843,36.2386,36.1188,TRUE,31.241667,0.812604,1.55E+06,26665,0.1544,0.691894635,20220722_DL_Sh7_1_TBaAc_16eV.lsc,n-Nonadecanol-1,Alcohol16eV,0,C19H40O,752,775,8,284,284.308,1454-84-8,232931,274241120,mainlib|replib,"Fine, HODOC, EINECS, IR",Japan AIST/NIMC Database- Spectrum MS-NW-4538,,,,0
245,TIC,36.0843,36.2386,36.1188,TRUE,31.241667,0.812604,1.55E+06,26665,0.1544,0.691894635,20220722_DL_Sh7_1_TBaAc_16eV.lsc,1-Hexadecanol,Alcohol16eV,0,C16H34O,742,807,6,242,242.261,36653-82-4,414975,270689342,mainlib|replib,"Fine, TSCA, RTECS, EPA, HODOC, NIH, EINECS, IR",NIST Mass Spectrometry Data Center,,,,0
246,TIC,36.0843,36.2386,36.1188,TRUE,31.241667,0.812604,1.55E+06,26665,0.1544,0.691894635,20220722_DL_Sh7_1_TBaAc_16eV.lsc,1-Octadecanol,Alcohol16eV,0,C18H38O,741,787,5,270,270.292,112-92-5,221125,270258319,mainlib|replib,"Fine, TSCA, RTECS, EPA, HODOC, NIH, EINECS, IR",Chemical Concepts,,,,0
247,TIC,36.0843,36.2386,36.1188,TRUE,31.241667,0.812604,1.55E+06,26665,0.1544,0.691894635,20220722_DL_Sh7_1_TBaAc_16eV.lsc,Behenic alcohol,Alcohol16eV,0,C22H46O,741,774,5,326,326.355,661-19-8,351789,273225256,mainlib|replib,"Fine, TSCA, RTECS, HODOC, NIH, EINECS, IR",NIST Mass Spectrometry Data Center,,,,0
248,TIC,36.0843,36.2386,36.1188,TRUE,31.241667,0.812604,1.55E+06,26665,0.1544,0.691894635,20220722_DL_Sh7_1_TBaAc_16eV.lsc,n-Pentadecanol,Alcohol16eV,0,C15H32O,737,840,4,228,228.245,629-76-5,430447,275055316,mainlib|replib,"Fine, TSCA, HODOC, NIH, EINECS, IR","YAMAMOTO M, DEP. CHEMISTRY, FAC. SCIENCE, NARA WOMEN'S UNIV.; Used with permission, courtesy of Funatsu Laboratory, University of Tokyo.The copyright reserved by Funatsu Laboratory.",,,,0
249,TIC,36.1983,36.3911,36.2915,TRUE,31.30414,0.692992,4.51E+06,1.28E+05,0.1928,2.017066795,20220722_DL_Sh7_1_TBaAc_16eV.lsc,Hexadecane,,0,C16H34,757,803,33,226,226.266,544-76-3,228773,41676896,mainlib|replib,"Fine, TSCA, RTECS, EPA, HODOC, NIH, EINECS, IR",Japan AIST/NIMC Database- Spectrum MS-NW-1507,,,,0
250,TIC,36.1983,36.3911,36.2915,TRUE,31.30414,0.692992,4.51E+06,1.28E+05,0.1928,2.017066795,20220722_DL_Sh7_1_TBaAc_16eV.lsc,Hexadecane,,0,C16H34,757,801,33,226,226.266,544-76-3,107738,273377847,mainlib|replib,"Fine, TSCA, RTECS, EPA, HODOC, NIH, EINECS, IR","Chuck Anderson, Aldrich Chemical Co.",,,,0
251,TIC,36.1983,36.3911,36.2915,TRUE,31.30414,0.692992,4.51E+06,1.28E+05,0.1928,2.017066795,20220722_DL_Sh7_1_TBaAc_16eV.lsc,Octadecane,,0,C18H38,732,795,10,254,254.297,593-45-3,233832,272928152,mainlib|replib,"Fine, TSCA, EPA, HODOC, NIH, EINECS, IR",Japan AIST/NIMC Database- Spectrum MS-NW-1995,,,,0
252,TIC,36.1983,36.3911,36.2915,TRUE,31.30414,0.692992,4.51E+06,1.28E+05,0.1928,2.017066795,20220722_DL_Sh7_1_TBaAc_16eV.lsc,Heptadecane,,0,C17H36,731,824,9,240,240.282,629-78-7,228254,3145406,mainlib|replib,"Fine, TSCA, RTECS, EPA, HODOC, NIH, EINECS, IR",Japan AIST/NIMC Database- Spectrum MS-NW-2741,,,,0
253,TIC,36.1983,36.3911,36.2915,TRUE,31.30414,0.692992,4.51E+06,1.28E+05,0.1928,2.017066795,20220722_DL_Sh7_1_TBaAc_16eV.lsc,Octadecane,,0,C18H38,719,804,10,254,254.297,593-45-3,57273,271405166,mainlib|replib,"Fine, TSCA, EPA, HODOC, NIH, EINECS, IR",MIKE CARTER,,,,0
254,TIC,37.3102,37.3868,37.3485,TRUE,31.412046,0.661487,5.03E+05,14544,0.0767,0.225031705,20220722_DL_Sh7_1_TBaAc_16eV.lsc,Eicosane,,0,C20H42,703,744,13,282,282.329,112-95-8,341441,34400919,mainlib|replib,"Fine, TSCA, EPA, HODOC, NIH, EINECS, IR",NIST Mass Spectrometry Data Center,,,,0
255,TIC,37.3102,37.3868,37.3485,TRUE,31.412046,0.661487,5.03E+05,14544,0.0767,0.225031705,20220722_DL_Sh7_1_TBaAc_16eV.lsc,Tetracosane,,0,C24H50,702,740,13,338,338.391,646-31-1,234324,45910247,mainlib|replib,"Fine, TSCA, EPA, HODOC, NIH, EINECS, IR",Japan AIST/NIMC Database- Spectrum MS-NW-2437,,,,0
256,TIC,37.3474,37.54,37.4166,TRUE,32.038476,2.11764,3.21E+06,87339,0.1926,1.436307134,20220722_DL_Sh7_1_TBaAc_16eV.lsc,Octadecane,,0,C18H38,705,759,12,254,254.297,593-45-3,233832,272928152,mainlib|replib,"Fine, TSCA, EPA, HODOC, NIH, EINECS, IR",Japan AIST/NIMC Database- Spectrum MS-NW-1995,,,,0
257,TIC,37.3474,37.54,37.4166,TRUE,32.038476,2.11764,3.21E+06,87339,0.1926,1.436307134,20220722_DL_Sh7_1_TBaAc_16eV.lsc,Heneicosane,,0,C21H44,702,744,10,296,296.344,629-94-7,230947,47543150,mainlib|replib,"Fine, TSCA, EPA, HODOC, EINECS, IR",Japan AIST/NIMC Database- Spectrum MS-NW-2012,,,,0
258,TIC,38.4983,38.6909,38.5912,TRUE,32.459673,2.213644,4.38E+06,1.09E+05,0.1925,1.957400343,20220722_DL_Sh7_1_TBaAc_16eV.lsc,Heptadecane,,0,C17H36,757,822,38,240,240.282,629-78-7,228254,3145406,mainlib|replib,"Fine, TSCA, RTECS, EPA, HODOC, NIH, EINECS, IR",Japan AIST/NIMC Database- Spectrum MS-NW-2741,,,,0
259,TIC,38.4983,38.6909,38.5912,TRUE,32.459673,2.213644,4.38E+06,1.09E+05,0.1925,1.957400343,20220722_DL_Sh7_1_TBaAc_16eV.lsc,Heptadecane,,0,C17H36,744,799,38,240,240.282,629-78-7,107308,271113659,mainlib|replib,"Fine, TSCA, RTECS, EPA, HODOC, NIH, EINECS, IR","Chuck Anderson, Aldrich Chemical Co.",,,,0
260,TIC,38.4983,38.6909,38.5912,TRUE,32.459673,2.213644,4.38E+06,1.09E+05,0.1925,1.957400343,20220722_DL_Sh7_1_TBaAc_16eV.lsc,Heptadecane,,0,C17H36,724,811,38,240,240.282,629-78-7,22871,271087170,mainlib|replib,"Fine, TSCA, RTECS, EPA, HODOC, NIH, EINECS, IR",,,,,0
261,TIC,38.4983,38.6909,38.5912,TRUE,32.459673,2.213644,4.38E+06,1.09E+05,0.1925,1.957400343,20220722_DL_Sh7_1_TBaAc_16eV.lsc,Octadecane,,0,C18H38,712,810,8,254,254.297,593-45-3,233832,272928152,mainlib|replib,"Fine, TSCA, EPA, HODOC, NIH, EINECS, IR",Japan AIST/NIMC Database- Spectrum MS-NW-1995,,,,0
262,TIC,38.4983,38.6909,38.5912,TRUE,32.459673,2.213644,4.38E+06,1.09E+05,0.1925,1.957400343,20220722_DL_Sh7_1_TBaAc_16eV.lsc,Heneicosane,,0,C21H44,705,766,6,296,296.344,629-94-7,230947,47543150,mainlib|replib,"Fine, TSCA, EPA, HODOC, EINECS, IR",Japan AIST/NIMC Database- Spectrum MS-NW-2012,,,,0
263,TIC,38.6504,38.8434,38.7157,TRUE,32.574452,0.687429,3.64E+06,1.18E+05,0.193,1.628181819,20220722_DL_Sh7_1_TBaAc_16eV.lsc,"Pentadecane, 2,6,10,14-tetramethyl-",,0,C19H40,741,799,48,268,268.313,1921-70-6,229566,46142538,mainlib|replib,"Fine, TSCA, RTECS, EPA, HODOC, NIH, EINECS, IR",Japan AIST/NIMC Database- Spectrum MS-NW-1461,,,,0
264,TIC,38.6504,38.8434,38.7157,TRUE,32.574452,0.687429,3.64E+06,1.18E+05,0.193,1.628181819,20220722_DL_Sh7_1_TBaAc_16eV.lsc,"Pentadecane, 2,6,10,14-tetramethyl-",,0,C19H40,732,774,48,268,268.313,1921-70-6,149898,273483384,mainlib|replib,"Fine, TSCA, RTECS, EPA, HODOC, NIH, EINECS, IR",Chemical Concepts,,,,0
265,TIC,38.6504,38.8434,38.7157,TRUE,32.574452,0.687429,3.64E+06,1.18E+05,0.193,1.628181819,20220722_DL_Sh7_1_TBaAc_16eV.lsc,"Hexadecane, 2,6,10-trimethyl-",,0,C19H40,714,778,14,268,268.313,55000-52-7,12972,49408757,mainlib|replib,,"E.D.MCCARTHY CALIFORNIA UNIV., BERKELEY, U.S.A",,,,0
266,TIC,40.5699,40.7236,40.6546,TRUE,32.56619,2.228796,1.02E+06,14914,0.1537,0.457280378,20220722_DL_Sh7_1_TBaAc_16eV.lsc,1-Octadecanol,,0,C18H38O,715,774,7,270,270.292,112-92-5,221125,270258319,mainlib|replib,"Fine, TSCA, RTECS, EPA, HODOC, NIH, EINECS, IR",Chemical Concepts,,,,0
267,TIC,40.5699,40.7236,40.6546,TRUE,32.56619,2.228796,1.02E+06,14914,0.1537,0.457280378,20220722_DL_Sh7_1_TBaAc_16eV.lsc,1-Hexacosanol,,0,C26H54O,714,745,7,382,382.417,506-52-5,414524,272641486,mainlib|replib,"Fine, TSCA, HODOC, NIH, EINECS",NIST Mass Spectrometry Data Center,,,,0
268,TIC,40.5699,40.7236,40.6546,TRUE,32.56619,2.228796,1.02E+06,14914,0.1537,0.457280378,20220722_DL_Sh7_1_TBaAc_16eV.lsc,"9-Tricosene, (Z)-",,0,C23H46,712,722,6,322,322.36,27519-02-4,235627,269666938,mainlib|replib,"Fine, TSCA, RTECS, EINECS",Japan AIST/NIMC Database- Spectrum MS-NW-5584,,,,0
269,TIC,40.5699,40.7236,40.6546,TRUE,32.56619,2.228796,1.02E+06,14914,0.1537,0.457280378,20220722_DL_Sh7_1_TBaAc_16eV.lsc,1-Eicosene,,0,C20H40,701,742,4,280,280.313,3452-07-01,231690,31312000,mainlib|replib,"Fine, TSCA, HODOC, NIH, EINECS",Japan AIST/NIMC Database- Spectrum MS-NW-9159,,,,0
270,TIC,40.5699,40.7236,40.6546,TRUE,32.56619,2.228796,1.02E+06,14914,0.1537,0.457280378,20220722_DL_Sh7_1_TBaAc_16eV.lsc,1-Heptacosanol,,0,C27H56O,700,734,4,396,396.433,2004-39-9,351788,9502601,mainlib|replib,"Fine, NIH, EINECS",NIST Mass Spectrometry Data Center,,,,0
271,TIC,40.6836,40.8761,40.7807,TRUE,32.621667,0.767375,3.69E+06,85517,0.1925,1.648345193,20220722_DL_Sh7_1_TBaAc_16eV.lsc,Octadecane,,0,C18H38,751,825,34,254,254.297,593-45-3,233832,272928152,mainlib|replib,"Fine, TSCA, EPA, HODOC, NIH, EINECS, IR",Japan AIST/NIMC Database- Spectrum MS-NW-1995,,,,0
272,TIC,40.6836,40.8761,40.7807,TRUE,32.621667,0.767375,3.69E+06,85517,0.1925,1.648345193,20220722_DL_Sh7_1_TBaAc_16eV.lsc,Pentacosane,,0,C25H52,714,767,8,352,352.407,629-99-2,150576,51973736,mainlib|replib,"Fine, TSCA, EPA, HODOC, NIH, EINECS, IR",Chemical Concepts,,,,0
273,TIC,40.6836,40.8761,40.7807,TRUE,32.621667,0.767375,3.69E+06,85517,0.1925,1.648345193,20220722_DL_Sh7_1_TBaAc_16eV.lsc,Tetracosane,,0,C24H50,713,774,8,338,338.391,646-31-1,234324,45910247,mainlib|replib,"Fine, TSCA, EPA, HODOC, NIH, EINECS, IR",Japan AIST/NIMC Database- Spectrum MS-NW-2437,,,,0
274,TIC,40.6836,40.8761,40.7807,TRUE,32.621667,0.767375,3.69E+06,85517,0.1925,1.648345193,20220722_DL_Sh7_1_TBaAc_16eV.lsc,Heneicosane,,0,C21H44,707,776,6,296,296.344,629-94-7,230947,47543150,mainlib|replib,"Fine, TSCA, EPA, HODOC, EINECS, IR",Japan AIST/NIMC Database- Spectrum MS-NW-2012,,,,0
275,TIC,40.6836,40.8761,40.7807,TRUE,32.621667,0.767375,3.69E+06,85517,0.1925,1.648345193,20220722_DL_Sh7_1_TBaAc_16eV.lsc,Octadecane,,0,C18H38,705,754,34,254,254.297,593-45-3,12337,8081837,mainlib|replib,"Fine, TSCA, EPA, HODOC, NIH, EINECS, IR",,,,,0
276,TIC,40.9125,41.1052,40.9995,TRUE,32.736667,0.874952,2.78E+06,73089,0.1927,1.244462926,20220722_DL_Sh7_1_TBaAc_16eV.lsc,Tetracosane,,0,C24H50,701,758,13,338,338.391,646-31-1,234324,45910247,mainlib|replib,"Fine, TSCA, EPA, HODOC, NIH, EINECS, IR",Japan AIST/NIMC Database- Spectrum MS-NW-2437,,,,0
277,TIC,42.7921,43.0237,42.8783,TRUE,32.775,0.903731,3.73E+06,87637,0.2316,1.668345732,20220722_DL_Sh7_1_TBaAc_16eV.lsc,Nonadecane,,0,C19H40,741,821,32,268,268.313,629-92-5,232930,272635109,mainlib|replib,"Fine, TSCA, EPA, HODOC, NIH, EINECS, IR",Japan AIST/NIMC Database- Spectrum MS-NW-8200,,,,0
278,TIC,42.7921,43.0237,42.8783,TRUE,32.775,0.903731,3.73E+06,87637,0.2316,1.668345732,20220722_DL_Sh7_1_TBaAc_16eV.lsc,Octadecane,,0,C18H38,713,823,9,254,254.297,593-45-3,233832,272928152,mainlib|replib,"Fine, TSCA, EPA, HODOC, NIH, EINECS, IR",Japan AIST/NIMC Database- Spectrum MS-NW-1995,,,,0
279,TIC,42.7921,43.0237,42.8783,TRUE,32.775,0.903731,3.73E+06,87637,0.2316,1.668345732,20220722_DL_Sh7_1_TBaAc_16eV.lsc,Tetracosane,,0,C24H50,709,781,7,338,338.391,646-31-1,234324,45910247,mainlib|replib,"Fine, TSCA, EPA, HODOC, NIH, EINECS, IR",Japan AIST/NIMC Database- Spectrum MS-NW-2437,,,,0
280,TIC,42.7921,43.0237,42.8783,TRUE,32.775,0.903731,3.73E+06,87637,0.2316,1.668345732,20220722_DL_Sh7_1_TBaAc_16eV.lsc,Nonadecane,,0,C19H40,707,767,32,268,268.313,629-92-5,151324,28553076,mainlib|replib,"Fine, TSCA, EPA, HODOC, NIH, EINECS, IR",Chemical Concepts,,,,0
281,TIC,43.362,43.5913,43.4649,TRUE,32.803147,0.683306,8.72E+05,26620,0.2293,0.389596107,20220722_DL_Sh7_1_TBaAc_16eV.lsc,o-Terphenyl,,0,C18H14,724,738,26,230,230.11,84-15-1,228204,34156255,mainlib|replib,"Fine, TSCA, RTECS, HODOC, NIH, EINECS, IR",Japan AIST/NIMC Database- Spectrum MS-NW-8149,,,,0
282,TIC,43.362,43.5913,43.4649,TRUE,32.803147,0.683306,8.72E+05,26620,0.2293,0.389596107,20220722_DL_Sh7_1_TBaAc_16eV.lsc,p-Terphenyl,,0,C18H14,718,741,21,230,230.11,92-94-4,158027,274289387,mainlib|replib,"Fine, TSCA, RTECS, HODOC, NIH, EINECS, IR",Chemical Concepts,,,,0
283,TIC,43.362,43.5913,43.4649,TRUE,32.803147,0.683306,8.72E+05,26620,0.2293,0.389596107,20220722_DL_Sh7_1_TBaAc_16eV.lsc,Benzo(a)phenazine,,0,C16H10N2,712,804,16,230,230.084,225-61-6,111193,35331029,mainlib|replib,"HODOC, NIH","Institute of Organic Chemistry, USSR, 1990",,,,0
284,TIC,44.7855,44.9784,44.875,TRUE,32.813333,1.09546,2.58E+06,63729,0.1929,1.15441859,20220722_DL_Sh7_1_TBaAc_16eV.lsc,Eicosane,,0,C20H42,725,785,30,282,282.329,112-95-8,228774,273063008,mainlib|replib,"Fine, TSCA, EPA, HODOC, NIH, EINECS, IR",Japan AIST/NIMC Database- Spectrum MS-NW-6004,,,,0
285,TIC,48.5435,48.735,48.6322,TRUE,32.859247,1.105766,1.87E+06,30676,0.1915,0.836316743,20220722_DL_Sh7_1_TBaAc_16eV.lsc,Docosane,,0,C22H46,706,807,33,310,310.36,629-97-0,109506,273690689,mainlib|replib,"Fine, TSCA, EPA, HODOC, NIH, EINECS, IR",Philip Morris R&D,,,,0
